year_month,BDI_mean,BDI_std,BDI_month_end,BDI_max,BDI_min,BDI_momentum,Brent_USD_per_barrel,policy_rate,FAO_23012,FAO_23013,FAO_23014,BWA_FAO_CP_23012,BWA_FAO_CP_23013,BWA_FAO_CP_23014,KEN_FAO_CP_23012,KEN_FAO_CP_23013,KEN_FAO_CP_23014,NAM_FAO_CP_23012,NAM_FAO_CP_23013,NAM_FAO_CP_23014,ZAF_FAO_CP_23012,ZAF_FAO_CP_23013,ZAF_FAO_CP_23014,ZWE_FAO_CP_23012,ZWE_FAO_CP_23013,ZWE_FAO_CP_23014,BDI_mean_lag2,BDI_mean_lag3,BDI_mean_lag4,BDI_momentum_lag2,BDI_momentum_lag3,Brent_USD_per_barrel_lag1,Brent_USD_per_barrel_lag2,Brent_USD_per_barrel_lag3,policy_rate_lag6,policy_rate_lag12,ZAF_FAO_CP_23014_lag1,ZAF_FAO_CP_23014_lag2,FAO_23014_lag1,FAO_23014_lag2,FAO_23014_lag3,FAO_23014_lag12
2002-01,931.3181818181819,26.682233010780028,908.0,969.0,882.0,-23.31818181818187,19.42,12.5,36.229844,34.794327,5.239702,36.229844,34.794327,5.239702,26.777561,23.059345,0.610673,45.428372,37.264609,11.34455,50.215801,40.336674,12.303151,90.881358,92.983213,1.847484,855.2272727272727,898.0434782608696,945.2,12.772727272727252,-37.04347826086962,18.71,18.8,20.54,13.5,14.0,11.420016,8.523282,4.608727,3.592213,2.576765,3.602384
2002-02,959.55,44.38643107029335,1031.0,1031.0,908.0,71.45000000000005,20.28,12.5,36.280198,35.111444,5.618992,36.280198,35.111444,5.618992,26.812369,22.591119,1.590695,46.319124,38.036057,12.585233,50.822046,40.704449,12.113274,90.952391,93.12377,1.844644,870.1764705882352,855.2272727272727,898.0434782608696,5.823529411764753,12.772727272727252,19.42,18.71,18.8,13.5,14.0,12.303151,11.420016,5.239702,4.608727,3.592213,3.359312
2002-03,1064.75,18.07258755830597,1082.0,1086.0,1033.0,17.25,23.7,12.5,36.758563,35.428561,6.406912,36.758563,35.428561,6.406912,26.857415,22.560452,2.690896,47.209876,38.645378,13.32746,51.331859,41.472829,13.786453,91.023425,93.264328,1.841812,931.3181818181819,870.1764705882352,855.2272727272727,-23.31818181818187,5.823529411764753,20.28,19.42,18.71,13.5,14.0,12.113274,12.303151,5.618992,5.239702,4.608727,2.72
2002-04,1077.4761904761904,23.42780196181256,1027.0,1104.0,1027.0,-50.47619047619037,25.73,12.5,37.211751,35.745678,7.2758,37.211751,35.745678,7.2758,26.957744,22.652159,1.135065,47.299561,39.338864,14.300584,52.206799,42.25434,15.482588,91.094458,93.404885,1.83899,959.55,931.3181818181819,870.1764705882352,71.45000000000005,-23.31818181818187,23.7,20.28,19.42,13.5,14.0,13.786453,12.113274,6.406912,5.618992,5.239702,2.173337
2002-05,1032.909090909091,8.906440103917797,1042.0,1046.0,1016.0,9.090909090909008,25.35,12.5,37.312459,36.062794,7.724501,37.312459,36.062794,7.724501,27.365202,23.310834,2.262944,48.034245,39.701621,14.303788,52.46169,42.569574,15.562524,91.165491,93.545442,1.836176,1064.75,959.55,931.3181818181819,17.25,71.45000000000005,25.73,23.7,20.28,13.5,14.0,15.482588,13.786453,7.2758,6.406912,5.618992,2.028451
2002-06,995.0555555555555,13.764712865201306,1005.0,1027.0,978.0,9.944444444444457,24.08,12.5,37.463522,36.379911,8.50368,37.463522,36.379911,8.50368,27.709186,24.002786,3.787563,48.356112,40.333847,15.075749,52.909491,43.34452,17.779318,91.236525,93.686,1.833371,1077.4761904761904,1064.75,959.55,-50.47619047619037,17.25,25.35,25.73,23.7,13.5,14.0,15.562524,15.482588,7.724501,7.2758,6.406912,1.571092
2002-07,988.5652173913044,17.76827122852963,968.0,1007.0,962.0,-20.565217391304373,25.74,12.5,38.672022,36.697028,9.027878,38.672022,36.697028,9.027878,27.565859,24.023765,2.808799,48.836356,40.569098,14.711427,53.749981,43.935592,18.814753,91.307558,93.826557,1.830574,1032.909090909091,1077.4761904761904,1064.75,9.090909090909008,-50.47619047619037,24.08,25.35,25.73,12.5,13.5,17.779318,15.562524,8.50368,7.724501,7.2758,1.963865
2002-08,1001.7619047619048,22.407375486443637,1036.0,1036.0,970.0,34.238095238095184,26.65,12.5,39.150387,37.014145,9.716459,39.150387,37.014145,9.716459,27.537194,24.158485,2.401649,49.172711,40.742326,14.17975,54.039338,44.697392,20.299835,91.378591,93.967114,1.827786,995.0555555555555,1032.909090909091,1077.4761904761904,9.944444444444457,9.090909090909008,25.74,24.08,25.35,12.5,13.5,18.814753,17.779318,9.027878,8.50368,7.724501,2.199529
2002-09,1182.3809523809523,98.61971212210888,1367.0,1367.0,1039.0,184.6190476190477,28.4,12.5,39.402158,37.331262,10.486601,39.402158,37.331262,10.486601,27.445055,24.048674,2.356289,49.783108,41.683473,15.790585,54.514701,45.564289,21.477201,91.449624,94.107672,1.825006,988.5652173913044,995.0555555555555,1032.909090909091,-20.565217391304373,9.944444444444457,26.65,25.74,24.08,12.5,13.5,20.299835,18.814753,9.716459,9.027878,8.50368,2.356638
2002-10,1365.391304347826,24.622124438352234,1417.0,1417.0,1334.0,51.60869565217399,27.54,12.5,39.553221,37.648379,11.244292,39.553221,37.648379,11.244292,27.512624,24.016644,2.508148,50.402054,42.89215,18.110034,55.327629,46.339234,21.820997,91.520658,94.248229,1.822235,1001.7619047619048,988.5652173913044,995.0555555555555,34.238095238095184,-20.565217391304373,28.4,26.65,25.74,12.5,13.5,21.477201,20.299835,10.486601,9.716459,9.027878,2.576765
2002-11,1460.4285714285713,35.63084538510337,1560.0,1560.0,1428.0,99.57142857142867,24.34,12.5,39.830169,37.965496,11.139908,39.830169,37.965496,11.139908,27.63957,24.178011,3.416213,50.821185,43.556513,18.903513,55.988999,46.661034,20.538497,91.591691,94.388786,1.819472,1182.3809523809523,1001.7619047619048,988.5652173913044,184.6190476190477,34.238095238095184,27.54,28.4,26.65,12.5,13.5,21.820997,21.477201,11.244292,10.486601,9.716459,3.592213
2002-12,1665.9411764705883,60.922564157538474,1738.0,1739.0,1573.0,72.05882352941171,28.33,12.5,39.930877,38.282613,11.037445,39.930877,38.282613,11.037445,27.985602,24.681442,5.657176,50.882578,43.525146,17.800413,56.057883,46.818658,18.035244,91.662724,94.529344,1.816717,1365.391304347826,1182.3809523809523,1001.7619047619048,51.60869565217399,184.6190476190477,24.34,27.54,28.4,12.5,13.5,20.538497,21.820997,11.139908,11.244292,10.486601,4.608727
2003-01,1693.8636363636363,75.8559383082391,1530.0,1761.0,1530.0,-163.86363636363626,31.18,12.5,40.157471,38.525545,10.723638,40.157471,38.525545,10.723638,28.483152,25.023064,8.515932,51.424072,43.859783,17.698224,56.51257,47.350609,17.388483,91.733758,94.669901,1.813971,1460.4285714285713,1365.391304347826,1182.3809523809523,99.57142857142867,51.60869565217399,28.33,24.34,27.54,12.5,12.5,18.035244,20.538497,11.037445,11.139908,11.244292,5.239702
2003-02,1673.7,83.78738756990502,1764.0,1768.0,1530.0,90.29999999999995,32.77,12.5,40.509951,38.938687,10.900273,40.509951,38.938687,10.900273,28.808708,24.842581,9.966139,51.398259,43.781672,15.105708,56.450573,46.923727,15.279111,91.804791,94.810459,1.811233,1665.9411764705883,1460.4285714285713,1365.391304347826,72.05882352941171,99.57142857142867,31.18,28.33,24.34,12.5,12.5,17.388483,18.035244,10.723638,11.037445,11.139908,5.618992
2003-03,1849.7619047619048,82.01762296110792,1939.0,1940.0,1748.0,89.23809523809518,30.61,12.5,40.68619,39.248544,10.782214,40.68619,39.248544,10.782214,29.576531,25.630247,13.606973,51.704124,43.92184,13.653539,56.781266,47.107614,13.586692,91.875824,94.951016,1.808503,1693.8636363636363,1665.9411764705883,1460.4285714285713,-163.86363636363626,72.05882352941171,32.77,31.18,28.33,12.5,12.5,15.279111,17.388483,10.900273,10.723638,11.037445,6.406912
2003-04,2063.55,61.242808385535085,2142.0,2142.0,1943.0,78.44999999999982,25.0,12.5,41.240086,39.868258,11.533088,41.240086,39.868258,11.533088,30.094556,26.203161,15.676221,51.818192,44.083407,12.060701,56.912163,47.101048,11.47032,91.946858,95.091573,1.805782,1673.7,1693.8636363636363,1665.9411764705883,90.29999999999995,-163.86363636363626,30.61,32.77,31.18,12.5,12.5,13.586692,15.279111,10.782214,10.900273,10.723638,7.2758
2003-05,2231.2,70.82788627146938,2127.0,2337.0,2127.0,-104.19999999999982,25.86,12.5,41.491857,40.178115,11.41154,41.491857,40.178115,11.41154,31.445924,28.018325,20.194437,51.908162,44.16956,11.253793,56.912163,47.370307,11.27738,92.017891,95.232131,1.803068,1849.7619047619048,1673.7,1693.8636363636363,89.23809523809518,90.29999999999995,25.0,30.61,32.77,12.5,12.5,11.47032,13.586692,11.533088,10.782214,10.900273,7.724501
2003-06,2135.904761904762,10.324266375412561,2125.0,2154.0,2116.0,-10.904761904761926,27.65,13.0,42.045754,40.487972,11.292112,42.045754,40.487972,11.292112,31.517587,28.46015,18.570194,52.162865,44.59711,10.569938,56.808813,47.245526,8.999999,92.088924,95.372688,1.800363,2063.55,1849.7619047619048,1673.7,78.44999999999982,89.23809523809518,25.86,25.0,30.61,12.5,12.5,11.27738,11.47032,11.41154,11.533088,10.782214,8.50368
2003-07,2191.913043478261,39.05813038801423,2181.0,2240.0,2123.0,-10.913043478260988,28.35,13.0,42.020576,40.487972,10.330383,42.020576,40.487972,10.330383,30.573677,27.551948,14.686222,52.15689,44.459804,9.590319,56.519473,47.232395,7.503716,92.159957,95.513245,1.797666,2231.2,2063.55,1849.7619047619048,-104.19999999999982,78.44999999999982,27.65,25.86,25.0,12.5,12.5,8.999999,11.27738,11.292112,11.41154,11.533088,9.027878
2003-08,2285.95,53.25754209005223,2265.0,2343.0,2176.0,-20.949999999999818,29.89,13.0,42.196816,40.591257,9.664176,42.196816,40.591257,9.664176,29.814044,26.836273,11.084256,52.314952,44.471182,9.152289,56.643483,47.258673,5.730268,92.230991,95.653803,1.794977,2135.904761904762,2231.2,2063.55,-10.904761904761926,-104.19999999999982,28.35,27.65,25.86,12.5,12.5,7.503716,8.999999,10.330383,11.292112,11.41154,9.716459
2003-09,2462.8636363636365,208.2050947307998,2993.0,2993.0,2262.0,530.1363636363635,27.11,13.0,42.272347,40.591257,8.732615,42.272347,40.591257,8.732615,29.611339,26.590706,10.570364,52.442269,44.668847,7.162009,56.257679,47.192999,3.574533,92.302024,95.79436,1.792296,2191.913043478261,2135.904761904762,2231.2,-10.913043478260988,-10.904761904761926,29.89,28.35,27.65,12.5,12.5,5.730268,7.503716,9.664176,10.330383,11.292112,10.486601
2003-10,4162.565217391304,461.411355229992,4555.0,4560.0,3138.0,392.43478260869597,29.61,13.0,42.322702,40.487972,7.542404,42.322702,40.487972,7.542404,30.010607,26.943461,12.186618,52.297192,44.265585,3.202066,55.823653,47.422848,2.338437,92.373057,95.934917,1.789623,2285.95,2191.913043478261,2135.904761904762,-20.949999999999818,-10.913043478260988,27.11,29.89,28.35,12.5,12.5,3.574533,5.730268,8.732615,9.664176,10.330383,11.244292
2003-11,4250.4,161.58439215924813,4417.0,4558.0,4026.0,166.60000000000036,28.75,13.0,42.448587,40.487972,6.644127,42.448587,40.487972,6.644127,30.119126,27.089723,12.04281,52.296143,44.19137,1.457547,55.189845,47.75778,2.350453,92.444091,96.075475,1.786958,2462.8636363636365,2285.95,2191.913043478261,530.1363636363635,-20.949999999999818,29.61,27.11,29.89,12.5,12.5,2.338437,3.574533,7.542404,8.732615,9.664176,11.139908
2003-12,4609.0,107.33509924256711,4765.0,4765.0,4442.0,156.0,29.81,13.0,42.473764,40.591257,6.03053,42.473764,40.591257,6.03053,30.321831,27.444173,11.193555,52.193483,43.832531,0.706226,55.141622,47.573892,1.613104,92.515124,96.216032,1.784301,4162.565217391304,2462.8636363636365,2285.95,392.43478260869597,530.1363636363635,28.75,29.61,27.11,13.0,12.5,2.350453,2.338437,6.644127,7.542404,8.732615,11.037445
2004-01,5229.476190476191,272.5468068144663,5551.0,5551.0,4757.0,321.5238095238092,31.28,12.0,42.619445,40.694543,5.630027,42.619445,40.694543,5.630027,31.087606,28.09369,12.271183,53.46786,44.18611,0.744022,55.382739,47.974511,1.317622,92.586157,96.35659,1.781652,4250.4,4162.565217391304,2462.8636363636365,166.60000000000036,392.43478260869597,29.81,28.75,29.61,13.0,12.5,1.613104,2.350453,6.03053,6.644127,7.542404,10.723638
2004-02,5450.05,149.31333179803983,5263.0,5681.0,5242.0,-187.05000000000018,30.86,12.0,43.059388,40.901114,5.039788,43.059388,40.901114,5.039788,31.646581,28.131088,13.237379,53.507926,44.163381,0.871846,55.554972,48.059882,2.421281,92.657191,96.497147,1.779011,4609.0,4250.4,4162.565217391304,156.0,166.60000000000036,31.28,29.81,28.75,13.0,12.5,1.317622,1.613104,5.630027,6.03053,6.644127,10.900273
2004-03,5131.173913043478,161.8772408546653,4822.0,5384.0,4822.0,-309.173913043478,33.63,12.0,43.49933,41.314257,5.263158,43.49933,41.314257,5.263158,32.037659,28.489839,11.1571,53.771586,44.459246,1.223552,55.816766,48.112423,2.133007,92.728224,96.637704,1.776377,5229.476190476191,4609.0,4250.4,321.5238095238092,156.0,30.86,31.28,29.81,13.0,12.5,2.421281,1.317622,5.039788,5.630027,6.03053,10.782214
2004-04,4490.0,238.10258735524732,3982.0,4763.0,3982.0,-508.0,33.59,12.0,43.939273,41.933971,5.181347,43.939273,41.933971,5.181347,32.375501,28.860347,10.140707,54.058974,44.64796,1.280647,55.878763,48.112423,2.147245,92.799257,96.778262,1.773752,5450.05,5229.476190476191,4609.0,-187.05000000000018,321.5238095238092,33.63,30.86,31.28,13.0,12.5,2.133007,2.421281,5.263158,5.039788,5.630027,11.533088
2004-05,3595.684210526316,269.8108499242426,3286.0,3933.0,3286.0,-309.68421052631584,37.57,12.0,44.544194,42.037256,4.627249,44.544194,42.037256,4.627249,32.909906,29.755144,6.198866,54.235839,45.01222,1.907785,55.88565,48.184662,1.719126,92.87029,96.918819,1.771134,5131.173913043478,5450.05,5229.476190476191,-309.173913043478,-187.05000000000018,33.59,33.63,30.86,13.0,12.5,2.147245,2.133007,5.181347,5.263158,5.039788,11.41154
2004-06,2901.590909090909,218.20101241328322,3005.0,3282.0,2622.0,103.40909090909099,35.18,12.0,44.874151,42.347113,4.591837,44.874151,42.347113,4.591837,33.391074,30.719481,7.938577,54.145253,44.883795,0.642833,55.933873,47.928535,1.445659,92.941324,97.059376,1.768523,4490.0,5131.173913043478,5450.05,-508.0,-309.173913043478,37.57,33.59,33.63,13.0,13.0,1.719126,2.147245,4.627249,5.181347,5.263158,11.292112
2004-07,3778.409090909091,285.9393307430807,4048.0,4086.0,3115.0,269.590909090909,38.22,12.0,44.819158,42.037256,3.826531,44.819158,42.037256,3.826531,33.184274,30.706806,11.450578,54.3896,44.757999,0.670708,56.044109,47.652711,0.889891,93.012357,97.199934,1.765921,3595.684210526316,4490.0,5131.173913043478,-309.68421052631584,-508.0,35.18,37.57,33.59,12.0,13.0,1.445659,1.719126,4.591837,4.627249,5.181347,10.330383
2004-08,4169.0,46.20389593962835,4186.0,4233.0,4088.0,17.0,42.74,12.0,44.984137,42.140542,3.816794,44.984137,42.140542,3.816794,34.525405,32.586332,21.426444,54.523456,44.678209,0.465531,55.933873,47.56076,0.639222,93.08339,97.340491,1.763326,2901.590909090909,3595.684210526316,4490.0,103.40909090909099,-309.68421052631584,38.22,35.18,37.57,12.0,13.0,0.889891,1.445659,3.826531,4.591837,4.627249,9.664176
2004-09,4140.772727272727,71.03716788258956,4105.0,4233.0,4014.0,-35.772727272727025,43.2,12.0,45.259101,42.243828,4.071247,45.259101,42.243828,4.071247,35.225659,33.458317,25.82711,54.428044,44.561501,-0.240317,55.947662,47.593604,0.848864,93.154424,97.481048,1.760739,3778.409090909091,2901.590909090909,3595.684210526316,269.590909090909,103.40909090909099,42.74,38.22,35.18,12.0,13.0,0.639222,0.889891,3.816794,3.826531,4.591837,8.732615
2004-10,4539.428571428572,277.8914484881769,4922.0,4922.0,4112.0,382.57142857142844,49.78,12.0,45.534065,42.347113,4.591837,45.534065,42.347113,4.591837,35.500028,33.650387,24.892594,54.589115,44.998991,1.656831,56.106106,47.915404,1.038646,93.225457,97.621606,1.758159,4169.0,3778.409090909091,2901.590909090909,17.0,269.590909090909,43.2,42.74,38.22,12.0,13.0,0.848864,0.639222,4.071247,3.816794,3.826531,7.542404
2004-11,5308.909090909091,348.3562638737629,6051.0,6051.0,4928.0,742.090909090909,43.11,12.0,45.644051,42.450399,4.846939,45.644051,42.450399,4.846939,35.13352,33.494519,23.6429,54.413378,44.579992,0.879407,56.436799,48.335706,1.21012,93.29649,97.762163,1.755587,4140.772727272727,4169.0,3778.409090909091,-35.772727272727025,17.0,49.78,43.2,42.74,12.0,13.0,1.038646,0.848864,4.591837,4.071247,3.816794,6.644127
2004-12,5518.833333333333,615.1266010295093,4598.0,6208.0,4598.0,-920.833333333333,39.6,12.0,45.809029,42.553685,4.834606,45.809029,42.553685,4.834606,35.250229,33.812022,23.202918,54.402982,44.551102,1.639353,56.354126,48.191228,1.297636,93.367523,97.902721,1.753022,4539.428571428572,4140.772727272727,4169.0,382.57142857142844,-35.772727272727025,43.11,49.78,43.2,12.0,13.0,1.21012,1.038646,4.846939,4.591837,4.071247,6.03053
2005-01,4501.9,163.05339777605317,4488.0,4776.0,4292.0,-13.899999999999636,44.51,12.0,46.029,42.65697,4.822335,46.029,42.65697,4.822335,35.710923,33.750519,20.135589,54.817965,44.646137,1.041113,56.52636,48.572135,1.245711,93.438557,98.043278,1.750465,5308.909090909091,4539.428571428572,4140.772727272727,742.090909090909,382.57142857142844,39.6,43.11,49.78,12.0,12.0,1.297636,1.21012,4.834606,4.846939,4.591837,5.630027
2005-02,4532.25,247.28800064531634,4726.0,4880.0,4175.0,193.75,45.48,12.0,46.193979,42.553685,4.040404,46.193979,42.553685,4.040404,36.056955,33.432591,18.845709,54.664319,44.64921,1.100071,56.553907,48.591833,1.10685,93.50959,98.183835,1.747915,5518.833333333333,5308.909090909091,4539.428571428572,-920.833333333333,742.090909090909,44.51,39.6,43.11,12.0,12.0,1.245711,1.297636,4.822335,4.834606,4.846939,5.039788
2005-03,4677.9047619047615,59.61703176266381,4637.0,4791.0,4575.0,-40.90476190476147,53.1,12.0,46.303965,42.553685,3.0,46.303965,42.553685,3.0,36.570884,33.941749,19.13633,54.73421,44.665506,0.46393,56.898374,48.526174,0.859967,93.580623,98.324393,1.745373,4501.9,5518.833333333333,5308.909090909091,-13.899999999999636,-920.833333333333,45.48,44.51,39.6,12.0,12.0,1.10685,1.245711,4.040404,4.822335,4.834606,5.263158
2005-04,4532.476190476191,305.6587343832364,3850.0,4835.0,3850.0,-682.4761904761908,51.88,12.0,46.633922,42.966827,2.463054,46.633922,42.966827,2.463054,37.561887,35.130423,21.725574,54.990993,45.019555,0.832279,57.070607,48.552437,0.914554,93.651657,98.46495,1.742838,4532.25,4501.9,5518.833333333333,193.75,-13.899999999999636,53.1,45.48,44.51,12.0,12.0,0.859967,1.10685,3.0,4.040404,4.822335,5.181347
2005-05,3667.4,255.48846920113002,3219.0,4024.0,3219.0,-448.4000000000001,48.65,12.0,47.348828,42.863541,1.965602,47.348828,42.863541,1.965602,37.772783,35.707796,20.005455,54.747385,44.178016,-1.853283,56.932823,48.513028,0.681473,93.72269,98.605507,1.74031,4677.9047619047615,4532.25,4501.9,-40.90476190476147,193.75,51.88,53.1,45.48,12.0,12.0,0.914554,0.859967,2.463054,3.0,4.040404,4.627249
2005-06,2746.090909090909,223.10469656129078,2521.0,3180.0,2510.0,-225.090909090909,54.35,12.0,48.063735,43.689827,3.170732,48.063735,43.689827,3.170732,37.36942,35.654143,16.063624,54.912171,44.496186,-0.863584,56.8157,48.276599,0.726213,93.793723,98.746065,1.73779,4532.476190476191,4677.9047619047615,4532.25,-682.4761904761908,-40.90476190476147,48.65,51.88,53.1,12.0,12.0,0.681473,0.914554,1.965602,2.463054,3.0,4.591837
2005-07,2220.095238095238,211.4712521270691,1804.0,2486.0,1804.0,-416.0952380952381,57.52,12.0,48.503678,44.412826,5.651106,48.503678,44.412826,5.651106,37.088909,35.57414,15.850993,55.390617,44.968973,0.471366,57.235953,48.644388,2.081051,93.864757,98.886622,1.735277,3667.4,4532.476190476191,4677.9047619047615,-448.4000000000001,-682.4761904761908,54.35,48.65,51.88,12.0,12.0,0.726213,0.681473,3.170732,1.965602,2.463054,3.826531
2005-08,2206.590909090909,345.2538967872097,2592.0,2634.0,1747.0,385.409090909091,63.98,12.0,49.32857,44.825969,6.372549,49.32857,44.825969,6.372549,36.898489,35.580964,9.189838,55.672884,45.197958,1.163317,57.3324,48.703481,2.402655,93.93579,99.027179,1.732772,2746.090909090909,3667.4,4532.476190476191,-225.090909090909,-448.4000000000001,57.52,54.35,48.65,12.0,12.0,2.081051,0.726213,5.651106,3.170732,1.965602,3.816794
2005-09,2803.5454545454545,231.9459557891159,2907.0,3073.0,2418.0,103.4545454545455,62.91,12.0,49.768513,45.342397,7.334963,49.768513,45.342397,7.334963,36.728544,35.359454,5.682105,56.023221,45.710652,2.5788,57.380624,48.874237,2.690767,94.006823,99.167737,1.730273,2220.095238095238,2746.090909090909,3667.4,-416.0952380952381,-225.090909090909,63.98,57.52,54.35,12.0,12.0,2.402655,2.081051,6.372549,5.651106,3.170732,4.071247
2005-10,3161.4285714285716,117.39359924142839,3113.0,3370.0,2944.0,-48.42857142857156,58.54,12.0,50.648398,45.755539,8.04878,50.648398,45.755539,8.04878,36.820683,35.316329,4.950735,56.163602,46.051111,2.338098,57.449523,48.959608,2.179266,94.077856,99.308294,1.727782,2206.590909090909,2220.095238095238,2746.090909090909,385.409090909091,-416.0952380952381,62.91,63.98,57.52,12.0,12.0,2.690767,2.402655,7.334963,6.372549,5.651106,4.591837
2005-11,2915.5,109.64868140262062,2770.0,3081.0,2739.0,-145.5,55.24,12.0,50.813377,46.168682,8.759124,50.813377,46.168682,8.759124,37.256806,35.567412,6.188752,56.294251,46.397385,4.076701,57.43575,49.274842,1.942944,94.14889,99.448852,1.725298,2803.5454545454545,2206.590909090909,2220.095238095238,103.4545454545455,385.409090909091,58.54,62.91,63.98,12.0,12.0,2.179266,2.690767,8.04878,7.334963,6.372549,4.846939
2005-12,2600.0,123.7588380682365,2407.0,2772.0,2407.0,-193.0,56.86,12.0,50.978355,46.271968,8.737864,50.978355,46.271968,8.737864,37.91611,36.026684,6.549924,56.353537,46.586586,4.568877,57.490844,49.852768,3.447806,94.219923,99.589409,1.722821,3161.4285714285716,2803.5454545454545,2206.590909090909,-48.42857142857156,103.4545454545455,55.24,58.54,62.91,12.0,12.0,1.942944,2.179266,8.759124,8.04878,7.334963,4.834606
2006-01,2261.7619047619046,180.60119179061482,2081.0,2497.0,2033.0,-180.7619047619046,62.99,12.0,51.858241,47.201538,10.653753,51.858241,47.201538,10.653753,41.206486,37.435699,10.918882,57.042935,46.77705,4.772894,57.711301,50.305914,3.569493,94.290956,99.729966,1.720351,2915.5,3161.4285714285716,2803.5454545454545,-145.5,-48.42857142857156,56.86,55.24,58.54,12.0,12.0,3.447806,1.942944,8.737864,8.759124,8.04878,4.822335
2006-02,2443.7,247.64599096715696,2680.0,2798.0,2087.0,236.30000000000018,60.21,12.0,52.24319,47.717967,12.135922,52.24319,47.717967,12.135922,42.860888,37.419825,11.926192,56.792399,46.633282,4.443691,57.787088,50.43726,3.797815,94.36199,99.870524,1.717888,2600.0,2915.5,3161.4285714285716,-193.0,-145.5,62.99,56.86,55.24,12.0,12.0,3.569493,3.447806,10.653753,8.737864,8.759124,4.040404
2006-03,2598.8260869565215,84.47304689765802,2496.0,2708.0,2493.0,-102.82608695652152,62.06,12.0,52.683133,48.440966,13.834951,52.683133,48.440966,13.834951,43.57138,37.698327,11.067721,57.035339,47.162753,5.590997,57.959321,50.653992,4.384887,94.433023,100.011081,1.715432,2261.7619047619046,2600.0,2915.5,-180.7619047619046,-193.0,60.21,62.99,56.86,12.0,12.0,3.797815,3.569493,12.135922,10.653753,8.737864,3.0
2006-04,2465.4444444444443,55.73173372317467,2368.0,2516.0,2368.0,-97.44444444444434,70.26,12.0,53.288054,49.163966,14.423077,53.288054,49.163966,14.423077,43.139352,37.446207,6.591961,57.102729,47.229061,4.907879,58.097104,50.851011,4.734209,94.504056,100.151638,1.712984,2443.7,2261.7619047619046,2600.0,236.30000000000018,-180.7619047619046,62.06,60.21,62.99,12.0,12.0,4.384887,3.797815,13.834951,12.135922,10.653753,2.463054
2006-05,2441.8571428571427,45.63253851615736,2436.0,2502.0,2364.0,-5.857142857142662,69.78,12.0,53.78299,49.78368,16.144578,53.78299,49.78368,16.144578,42.715514,37.605212,5.313731,57.244404,47.537772,7.605041,58.317561,51.094006,5.320175,94.57509,100.292196,1.710542,2598.8260869565215,2443.7,2261.7619047619046,-102.82608695652152,236.30000000000018,70.26,62.06,60.21,12.0,12.0,4.734209,4.384887,14.423077,13.834951,12.135922,1.965602
2006-06,2718.4545454545455,130.8615143223397,2964.0,2964.0,2478.0,245.5454545454545,68.56,12.0,54.057954,49.886965,14.184397,54.057954,49.886965,14.184397,41.452189,37.580021,5.401554,57.800162,47.780755,7.381686,58.744701,51.363264,6.39371,94.646123,100.432753,1.708107,2465.4444444444443,2598.8260869565215,2443.7,-97.44444444444434,-102.82608695652152,69.78,70.26,62.06,12.0,12.0,5.320175,4.734209,16.144578,14.423077,13.834951,3.170732
2006-07,3049.809523809524,154.48256181447113,3285.0,3285.0,2849.0,235.19047619047615,73.67,12.0,54.277925,50.093536,12.790698,54.277925,50.093536,12.790698,40.852264,37.487768,5.379269,58.264864,47.752043,6.188866,59.151165,51.619391,6.115819,94.717156,100.57331,1.705679,2441.8571428571427,2465.4444444444443,2598.8260869565215,-5.857142857142662,-97.44444444444434,68.56,69.78,70.26,12.0,12.0,6.39371,5.320175,14.184397,16.144578,14.423077,5.651106
2006-08,3686.7272727272725,122.74137805746648,3847.0,3847.0,3337.0,160.27272727272748,73.23,12.0,54.607882,50.609965,12.903226,54.607882,50.609965,12.903226,41.143013,37.860962,6.407917,58.764645,48.180427,6.598681,59.557629,51.882083,6.526437,94.788189,100.713868,1.703258,2718.4545454545455,2441.8571428571427,2465.4444444444443,245.5454545454545,-5.857142857142662,73.67,68.56,69.78,12.0,12.0,6.115819,6.39371,12.790698,14.184397,16.144578,6.372549
2006-09,4039.1428571428573,153.33078155226553,3944.0,4279.0,3875.0,-95.14285714285734,61.96,12.0,54.992832,50.71325,11.845103,54.992832,50.71325,11.845103,41.814602,38.09179,7.727316,59.089283,48.724248,6.592764,59.709202,52.414034,7.242665,94.859223,100.854425,1.700844,3049.809523809524,2718.4545454545455,2441.8571428571427,235.19047619047615,245.5454545454545,73.23,73.67,68.56,12.0,12.0,6.526437,6.115819,12.903226,12.790698,14.184397,7.334963
2006-10,4027.6363636363635,77.71593294663731,4037.0,4182.0,3931.0,9.363636363636488,57.81,12.0,55.322789,51.023107,11.512415,55.322789,51.023107,11.512415,42.596757,38.293935,8.431246,59.282643,49.372256,7.211866,60.026105,53.044502,8.343396,94.930256,100.994983,1.698437,3686.7272727272725,3049.809523809524,2718.4545454545455,160.27272727272748,235.19047619047615,61.96,73.23,73.67,12.0,12.0,7.242665,6.526437,11.845103,12.903226,12.790698,8.04878
2006-11,4190.090909090909,61.75983368077533,4336.0,4336.0,4100.0,145.909090909091,58.76,12.0,55.267796,50.816536,10.067114,55.267796,50.816536,10.067114,42.711419,38.478819,8.185602,59.57257,50.14222,8.07122,60.026105,53.22839,8.023461,95.001289,101.13554,1.696036,4039.1428571428573,3686.7272727272725,3049.809523809524,-95.14285714285734,160.27272727272748,57.81,61.96,73.23,12.0,12.0,8.343396,7.242665,11.512415,11.845103,12.903226,8.759124
2006-12,4335.8125,43.74352333012668,4397.0,4407.0,4270.0,61.1875,62.47,12.0,55.322789,50.71325,9.598214,55.322789,50.71325,9.598214,43.827321,39.554414,9.791994,59.753292,50.520464,8.444227,60.260336,53.31376,6.942427,95.072323,101.276097,1.693642,4027.6363636363635,4039.1428571428573,3686.7272727272725,9.363636363636488,-95.14285714285734,58.76,57.81,61.96,12.0,12.0,8.023461,8.343396,10.067114,11.512415,11.845103,8.737864
2007-01,4461.681818181818,127.61787692491403,4225.0,4647.0,4225.0,-236.68181818181802,53.68,12.0,55.707739,51.229679,8.533917,55.707739,51.229679,8.533917,45.193022,39.744784,6.168138,60.259249,50.851016,8.709328,60.701249,54.187223,7.715413,95.143356,101.416655,1.691255,4190.090909090909,4027.6363636363635,4039.1428571428573,145.909090909091,9.363636363636488,62.47,58.76,57.81,12.0,12.0,6.942427,8.023461,9.598214,10.067114,11.512415,10.653753
2007-02,4397.75,147.447715978812,4765.0,4765.0,4219.0,367.25,57.56,12.0,56.037696,51.746107,8.441558,56.037696,51.746107,8.441558,45.780662,38.972484,4.149294,60.453105,51.056573,9.485265,60.625463,54.141247,7.343752,95.214389,101.557212,1.688875,4335.8125,4190.090909090909,4027.6363636363635,61.1875,145.909090909091,53.68,62.47,58.76,12.0,12.0,7.715413,6.942427,8.533917,9.598214,10.067114,12.135922
2007-03,5123.136363636364,183.1401481183577,5388.0,5388.0,4818.0,264.86363636363603,62.05,12.0,56.092689,52.469106,8.315565,56.092689,52.469106,8.315565,46.130789,38.856652,3.072616,60.76013,51.658042,9.531437,61.045716,54.463047,7.519754,95.285423,101.697769,1.686501,4461.681818181818,4335.8125,4190.090909090909,-236.68181818181802,61.1875,57.56,53.68,62.47,12.0,12.0,7.343752,7.715413,8.441558,8.533917,9.598214,13.834951
2007-04,5753.684210526316,285.96387740637203,6248.0,6248.0,5417.0,494.31578947368416,67.49,12.0,56.587624,53.08882,7.983193,56.587624,53.08882,7.983193,45.580004,38.440941,2.656436,61.271059,52.617532,11.409228,61.5624,55.132925,8.420508,95.356456,101.838327,1.684135,4397.75,4461.681818181818,4335.8125,367.25,-236.68181818181802,62.05,57.56,53.68,12.0,12.0,7.519754,7.343752,8.315565,8.441558,8.533917,14.423077
2007-05,6402.238095238095,214.78335707449617,5971.0,6688.0,5971.0,-431.2380952380954,67.21,12.0,57.192545,54.121676,8.713693,57.192545,54.121676,8.713693,45.420297,38.649659,2.7774,61.607587,53.238059,11.991069,61.84487,55.710851,9.035982,95.427489,101.978884,1.681774,5123.136363636364,4397.75,4461.681818181818,264.86363636363603,367.25,67.49,62.05,57.56,12.0,12.0,8.420508,7.519754,7.983193,8.315565,8.441558,16.144578
2007-06,5772.142857142857,342.9599518477756,6278.0,6278.0,5254.0,505.8571428571431,71.05,12.0,57.577495,55.670961,11.594203,57.577495,55.670961,11.594203,46.055031,39.604616,5.387426,61.779994,53.474105,11.915572,62.285784,56.058914,9.142039,95.498522,102.119441,1.679421,5753.684210526316,5123.136363636364,4397.75,494.31578947368416,264.86363636363603,67.21,67.49,62.05,12.0,12.0,9.035982,8.420508,8.713693,7.983193,8.315565,14.184397
2007-07,6572.136363636364,243.5918317995914,6967.0,6967.0,6201.0,394.86363636363603,76.93,12.0,58.402388,56.600532,12.989691,58.402388,56.600532,12.989691,46.390825,40.186112,7.197933,62.33123,54.040664,13.169324,62.823144,56.669684,9.783714,95.569556,102.259999,1.677074,6402.238095238095,5753.684210526316,5123.136363636364,-431.2380952380954,494.31578947368416,71.05,67.21,67.49,12.0,12.0,9.142039,9.035982,11.594203,8.713693,7.983193,12.790698
2007-08,7195.090909090909,215.92015920593295,7702.0,7702.0,6917.0,506.909090909091,70.76,12.0,58.567366,57.013674,12.653061,58.567366,57.013674,12.653061,46.231118,40.4829,6.925174,62.704314,54.703767,13.539398,63.222721,57.470908,10.772167,95.640589,102.400556,1.674733,5772.142857142857,6402.238095238095,5753.684210526316,505.8571428571431,-431.2380952380954,76.93,71.05,67.21,12.0,12.0,9.783714,9.142039,12.989691,11.594203,8.713693,12.903226
2007-09,8574.05,486.2908459369815,9474.0,9474.0,7783.0,899.9500000000007,77.17,12.0,58.732345,57.11696,12.627291,58.732345,57.11696,12.627291,46.716382,40.861978,7.2724,63.010738,55.187707,13.265384,63.580961,58.521678,11.652687,95.711622,102.541114,1.672399,6572.136363636364,5772.142857142857,6402.238095238095,394.86363636363603,505.8571428571431,70.76,76.93,71.05,12.0,12.0,10.772167,9.783714,12.653061,12.989691,11.594203,11.845103
2007-10,10425.91304347826,585.3540430638742,10656.0,11033.0,9513.0,230.08695652173992,82.34,12.0,59.337266,57.633388,12.955466,59.337266,57.633388,12.955466,47.091079,41.011553,7.096731,63.533796,55.852146,13.124557,64.166545,59.480511,12.133226,95.782656,102.681671,1.670071,7195.090909090909,6572.136363636364,5772.142857142857,506.909090909091,394.86363636363603,77.17,70.76,76.93,12.0,12.0,11.652687,10.772167,12.627291,12.653061,12.989691,11.512415
2007-11,10542.681818181818,362.80657136428476,10210.0,11039.0,9897.0,-332.681818181818,92.41,12.0,59.502244,58.459673,15.04065,59.502244,58.459673,15.04065,47.764716,41.550114,7.98178,62.668189,56.849359,13.376231,64.366342,60.058437,12.831588,95.853689,102.822228,1.66775,8574.05,7195.090909090909,6572.136363636364,899.9500000000007,506.909090909091,82.34,77.17,70.76,12.0,12.0,12.133226,11.652687,12.955466,12.627291,12.653061,10.067114
2007-12,9854.125,350.6011741756348,9143.0,10285.0,9143.0,-711.125,90.93,12.0,59.832201,58.562959,15.478615,59.832201,58.562959,15.478615,49.101751,42.511485,7.475957,63.053408,57.114041,13.051299,64.821029,60.307998,13.119011,95.924722,102.962786,1.665436,10425.91304347826,8574.05,7195.090909090909,230.08695652173992,899.9500000000007,92.41,82.34,77.17,12.0,12.0,12.831588,12.133226,15.04065,12.955466,12.627291,9.598214
2008-01,7169.818181818182,1210.8881288566927,6052.0,8891.0,5615.0,-1117.818181818182,92.18,12.0,60.38213,60.525386,18.145161,60.38213,60.525386,18.145161,54.799395,43.96966,10.630013,64.043297,58.497851,15.037723,65.723517,61.339071,13.198402,95.995755,103.103343,1.663128,10542.681818181818,10425.91304347826,8574.05,-332.681818181818,230.08695652173992,90.93,92.41,82.34,12.0,12.0,13.119011,12.831588,15.478615,15.04065,12.955466,8.533917
2008-02,6874.238095238095,539.6605326278643,7613.0,7613.0,6002.0,738.7619047619046,94.99,12.0,61.097036,61.248386,18.363273,61.097036,61.248386,18.363273,54.642718,44.763908,14.86029,64.202912,58.79827,15.162978,65.88075,61.483059,13.560477,96.066789,103.2439,1.660826,9854.125,10542.681818181818,10425.91304347826,-711.125,-332.681818181818,92.18,90.93,92.41,12.0,12.0,13.198402,13.119011,18.145161,15.478615,15.04065,8.441558
2008-03,8062.578947368421,305.4932833939731,8081.0,8624.0,7619.0,18.421052631579187,103.64,12.0,61.646965,61.8681,17.913386,61.646965,61.8681,17.913386,55.213023,45.427847,16.911379,64.935161,59.561777,15.300107,66.82415,62.490978,14.740143,96.137822,103.384458,1.65853,7169.818181818182,9854.125,10542.681818181818,-1117.818181818182,-711.125,94.99,92.18,90.93,12.0,12.0,13.560477,13.198402,18.363273,18.145161,15.478615,8.315565
2008-04,8286.863636363636,630.9088905210704,9356.0,9356.0,7655.0,1069.136363636364,109.07,12.0,62.9118,62.900956,18.48249,62.9118,62.900956,18.48249,56.773527,47.224924,22.850591,65.968127,61.211054,16.33205,67.29585,63.21092,14.651854,96.208855,103.525015,1.656241,6874.238095238095,7169.818181818182,9854.125,738.7619047619046,-1117.818181818182,103.64,94.99,92.18,12.0,12.0,14.740143,13.560477,17.913386,18.363273,18.145161,7.983193
2008-05,10843.65,775.8461781211931,11440.0,11793.0,9439.0,596.3500000000004,122.8,12.0,64.121642,64.140384,18.51145,64.121642,64.140384,18.51145,58.227491,48.488806,25.457266,66.559915,61.733528,15.957511,67.767549,64.362828,15.530146,96.279889,103.665572,1.653958,8062.578947368421,6874.238095238095,7169.818181818182,18.421052631579187,738.7619047619046,109.07,103.64,94.99,12.0,12.0,14.651854,14.740143,18.48249,17.913386,18.363273,8.713693
2008-06,10245.095238095239,1026.1430653062896,9589.0,11689.0,9139.0,-656.0952380952385,132.32,12.0,65.881413,65.792954,18.181818,65.881413,65.792954,18.181818,58.891802,48.634982,22.801297,67.168789,62.456171,16.797039,68.710949,65.514735,16.867649,96.350922,103.80613,1.651682,8286.863636363636,8062.578947368421,6874.238095238095,1069.136363636364,18.421052631579187,122.8,109.07,103.64,12.0,12.0,15.530146,14.651854,18.51145,18.48249,17.913386,11.594203
2008-07,8935.739130434782,300.91273537073886,8341.0,9379.0,8341.0,-594.739130434782,132.72,12.0,67.146248,67.032382,18.430657,67.146248,67.032382,18.430657,59.142485,48.534819,20.775104,68.781097,63.929352,18.298604,69.811582,66.666642,17.640752,96.421955,103.946687,1.649412,10843.65,8286.863636363636,8062.578947368421,596.3500000000004,1069.136363636364,132.32,122.8,109.07,12.0,12.0,16.867649,15.530146,18.181818,18.51145,18.48249,12.989691
2008-08,7402.5,432.3212134269464,6809.0,8280.0,6809.0,-593.5,113.24,12.0,67.366219,67.755381,18.84058,67.366219,67.755381,18.84058,60.095082,49.257919,21.675866,69.258843,64.609777,18.10846,70.283282,67.386585,17.253385,96.492989,104.087245,1.647148,10245.095238095239,10843.65,8286.863636363636,-656.0952380952385,596.3500000000004,132.72,132.32,122.8,12.0,12.0,17.640752,16.867649,18.430657,18.181818,18.51145,12.653061
2008-09,4975.090909090909,873.3387445719802,3217.0,6691.0,3217.0,-1758.090909090909,97.23,12.0,66.981269,68.788238,20.433996,66.981269,68.788238,20.433996,60.728058,49.907216,22.136075,69.685582,65.450194,18.595603,70.597749,68.394504,16.870374,96.564022,104.227802,1.64489,8935.739130434782,10245.095238095239,10843.65,-594.739130434782,-656.0952380952385,113.24,132.72,132.32,12.0,12.0,17.253385,17.640752,18.84058,18.430657,18.181818,12.627291
2008-10,1807.5217391304348,808.0250260281214,851.0,3025.0,851.0,-956.5217391304348,71.58,12.0,67.091255,72.093378,25.089606,67.091255,72.093378,25.089606,60.941139,50.307812,22.667416,70.003021,65.861058,17.920372,70.912215,68.970457,15.954715,96.635055,104.368359,1.642638,7402.5,8935.739130434782,10245.095238095239,-593.5,-594.739130434782,97.23,113.24,132.72,12.0,12.0,16.870374,17.253385,20.433996,18.84058,18.430657,12.955466
2008-11,818.95,39.240788392745216,715.0,865.0,715.0,-103.95000000000005,52.45,12.0,69.016004,72.609806,24.204947,69.016004,72.609806,24.204947,62.000276,51.469626,23.87361,70.345454,66.530335,17.029174,70.912215,69.402423,15.558155,96.706088,104.508917,1.640393,4975.090909090909,7402.5,8935.739130434782,-1758.090909090909,-593.5,71.58,97.23,113.24,12.0,12.0,15.954715,16.870374,25.089606,20.433996,18.84058,15.04065
2008-12,743.0,66.26595257436684,774.0,836.0,663.0,31.0,39.95,12.0,68.026133,73.22952,25.044092,68.026133,73.22952,25.044092,62.276028,51.42801,20.974391,70.09316,66.545773,16.513859,70.754982,69.690399,15.557474,96.777122,104.649474,1.638153,1807.5217391304348,4975.090909090909,7402.5,-956.5217391304348,-1758.090909090909,52.45,71.58,97.23,12.0,12.0,15.558155,15.954715,24.204947,25.089606,20.433996,15.478615
2009-01,904.5238095238095,89.04696460161853,1070.0,1070.0,772.0,165.47619047619048,43.44,12.0,68.081126,74.055805,22.354949,68.081126,74.055805,22.354949,62.044146,51.88894,18.010781,71.450497,67.434001,15.27603,71.226682,71.130284,15.962441,96.848155,104.790031,1.63592,818.95,1807.5217391304348,4975.090909090909,-103.95000000000005,-956.5217391304348,39.95,52.45,71.58,12.0,12.0,15.557474,15.558155,25.044092,24.204947,25.089606,18.145161
2009-02,1815.85,308.9417037497359,1986.0,2099.0,1099.0,170.1500000000001,43.32,12.0,68.246105,74.262377,21.247892,68.246105,74.262377,21.247892,62.670854,53.161678,18.760136,71.556284,67.937915,15.544073,71.855615,71.274272,15.925059,93.923211,100.746121,-2.4193,743.0,818.95,1807.5217391304348,31.0,-103.95000000000005,43.44,39.95,52.45,12.0,12.0,15.962441,15.557474,22.354949,25.044092,24.204947,18.363273
2009-03,1957.8181818181818,227.15374201369073,1615.0,2298.0,1615.0,-342.81818181818176,46.54,12.0,68.851026,75.191947,21.535893,68.851026,75.191947,21.535893,63.273485,54.114458,19.121776,72.091011,68.654689,15.266354,72.956248,71.706237,14.746544,90.998266,95.11981,-7.994091,904.5238095238095,743.0,818.95,165.47619047619048,31.0,43.32,43.44,39.95,12.0,12.0,15.925059,15.962441,21.247892,22.354949,25.044092,17.913386
2009-04,1659.15,159.08034216444827,1786.0,1897.0,1463.0,126.84999999999991,50.18,12.0,69.290968,75.501804,20.032841,69.290968,75.501804,20.032841,63.822751,55.135133,16.750075,72.459659,68.808856,12.412468,73.270715,71.994214,13.895216,90.023285,92.306655,-10.836376,1815.85,904.5238095238095,743.0,170.1500000000001,165.47619047619048,46.54,43.32,43.44,12.0,12.0,14.746544,15.925059,21.535893,21.247892,22.354949,18.48249
2009-05,2537.6315789473683,458.8100805981488,3494.0,3494.0,1806.0,956.3684210526317,57.3,12.0,69.51094,75.708376,18.035427,69.51094,75.708376,18.035427,63.823102,55.035525,13.501506,72.73378,69.255927,12.185273,73.427948,72.282191,12.304251,89.210801,91.603366,-11.635691,1957.8181818181818,1815.85,904.5238095238095,-342.81818181818176,170.1500000000001,50.18,46.54,43.32,12.0,12.0,13.895216,14.746544,20.032841,21.535893,21.247892,18.51145
2009-06,3822.5454545454545,229.23926516336743,3757.0,4291.0,3452.0,-65.5454545454545,68.61,12.0,70.500811,75.811661,15.22763,70.500811,75.811661,15.22763,63.955777,54.901631,12.885065,74.305909,69.62473,11.477743,73.742415,72.138203,10.10989,89.698291,90.372611,-12.940969,1659.15,1957.8181818181818,1815.85,126.84999999999991,-342.81818181818176,57.3,50.18,46.54,12.0,12.0,12.304251,13.895216,18.035427,20.032841,21.535893,18.181818
2009-07,3361.8695652173915,208.828617062767,3350.0,3742.0,2975.0,-11.869565217391482,64.44,12.0,71.160725,76.947803,14.791988,71.160725,76.947803,14.791988,64.131462,55.060906,13.446196,74.882193,69.432,8.60739,74.371348,71.706237,7.559395,90.510776,90.548433,-12.889544,2537.6315789473683,1659.15,1957.8181818181818,956.3684210526317,126.84999999999991,68.61,57.3,50.18,12.0,12.0,10.10989,12.304251,15.22763,18.035427,20.032841,18.430657
2009-08,2684.65,249.87392083966935,2421.0,3251.0,2388.0,-263.6500000000001,72.51,12.0,71.490682,77.051089,13.719512,71.490682,77.051089,13.719512,64.513578,55.631228,12.938649,75.538176,70.97929,9.858435,74.685814,71.850226,6.623932,90.998266,90.548433,-13.007176,3822.5454545454545,2537.6315789473683,1659.15,-65.5454545454545,956.3684210526317,64.44,68.61,57.3,12.0,12.0,7.559395,10.10989,14.791988,15.22763,18.035427,18.84058
2009-09,2351.409090909091,116.93777714213549,2220.0,2492.0,2163.0,-131.409090909091,67.65,12.0,71.65566,76.947803,11.861862,71.65566,76.947803,11.861862,64.816453,55.84019,11.888009,75.530038,70.552637,7.795918,74.843048,71.850226,5.052632,90.510776,89.4935,-14.136633,3361.8695652173915,3822.5454545454545,2537.6315789473683,-11.869565217391482,-65.5454545454545,72.51,64.44,68.61,12.0,12.0,6.623932,7.559395,13.719512,14.791988,15.22763,20.433996
2009-10,2745.681818181818,249.06843319775476,3103.0,3103.0,2284.0,357.318181818182,72.77,12.0,71.710653,76.947803,6.733524,71.710653,76.947803,6.733524,64.975635,55.980612,11.276181,75.732929,71.101316,7.956535,74.843048,72.42618,5.010438,91.160763,89.845144,-13.915343,2684.65,3361.8695652173915,3822.5454545454545,-263.6500000000001,-11.869565217391482,67.65,72.51,64.44,12.0,12.0,5.052632,6.623932,11.861862,13.719512,14.791988,25.089606
2009-11,3940.5714285714284,481.622421760924,3887.0,4661.0,3185.0,-53.57142857142844,76.66,12.0,71.930624,77.051089,6.116643,71.930624,77.051089,6.116643,65.098909,56.16626,9.125059,75.773724,70.732039,6.315471,74.843048,72.282191,4.149378,91.160763,90.020967,-13.862884,2351.409090909091,2684.65,3361.8695652173915,-131.409090909091,-263.6500000000001,72.77,67.65,72.51,12.0,12.0,5.010438,5.052632,6.733524,11.861862,13.719512,24.204947
2009-12,3572.3888888888887,368.28156410213666,3005.0,4107.0,3005.0,-567.3888888888887,74.46,12.0,71.985617,76.637946,4.654443,71.985617,76.637946,4.654443,65.592009,56.556428,9.972033,75.648947,70.23065,5.537357,75.157514,72.138203,3.512397,91.648254,90.548433,-13.474545,2745.681818181818,2351.409090909091,2684.65,357.318181818182,-131.409090909091,76.66,72.77,67.65,12.0,12.0,4.149378,5.010438,6.116643,6.733524,11.861862,25.044092
2010-01,3168.35,105.93507197186497,2848.0,3299.0,2848.0,-320.3499999999999,76.17,12.0,72.260581,76.689589,3.556485,72.260581,76.689589,3.556485,65.734984,56.691132,9.254752,76.767999,71.179445,5.554238,75.314748,72.570168,2.024291,92.298242,92.130833,-12.080537,3940.5714285714284,2745.681818181818,2351.409090909091,-53.57142857142844,357.318181818182,74.46,76.66,72.77,12.0,12.0,3.512397,4.149378,4.654443,6.116643,6.733524,22.354949
2010-02,2677.85,57.98482106279386,2738.0,2745.0,2566.0,60.15000000000009,73.75,12.0,72.426174,76.689589,3.268428,72.426174,76.689589,3.268428,65.915849,57.014982,7.248273,77.088978,71.743349,5.601341,75.786447,72.42618,1.616162,93.110726,93.889055,-6.806283,3572.3888888888887,3940.5714285714284,2745.681818181818,-567.3888888888887,-53.57142857142844,76.17,74.46,76.66,12.0,12.0,2.024291,3.512397,3.556485,4.654443,6.116643,21.247892
2010-03,3206.8260869565215,220.64752891389998,2998.0,3574.0,2760.0,-208.82608695652152,78.83,12.0,72.922953,77.350617,2.870879,72.922953,77.350617,2.870879,65.783847,56.544961,4.491411,77.172557,71.760932,4.524445,76.415381,72.42618,1.004016,94.248205,96.174744,1.109057,3168.35,3572.3888888888887,3940.5714285714284,-320.3499999999999,-567.3888888888887,73.75,76.17,74.46,12.0,12.0,1.616162,2.024291,3.268428,3.556485,4.654443,21.535893
2010-04,3040.6190476190477,141.60172180820263,3354.0,3359.0,2911.0,313.3809523809523,84.82,12.0,74.237346,78.362817,3.78933,74.237346,78.362817,3.78933,66.157491,57.22303,3.78687,77.074667,71.449067,3.837021,76.415381,72.570168,0.8,94.248205,97.053855,5.142857,2677.85,3168.35,3572.3888888888887,60.15000000000009,-320.3499999999999,78.83,73.75,76.17,12.0,12.0,1.004016,1.616162,2.870879,3.268428,3.556485,20.032841
2010-05,3838.0526315789475,248.3423876837537,4078.0,4209.0,3352.0,239.9473684210525,75.95,12.0,74.951465,79.178773,4.583902,74.951465,79.178773,4.583902,66.297376,57.477338,4.436795,77.18542,71.032879,2.565776,76.572614,72.714156,0.59761,94.573198,97.581321,6.525912,3206.8260869565215,2677.85,3168.35,-208.82608695652152,60.15000000000009,84.82,78.83,73.75,12.0,12.0,0.8,1.004016,3.78933,2.870879,3.268428,18.035427
2010-06,3088.0,587.0502533855173,2406.0,4074.0,2406.0,-682.0,74.76,12.0,75.945022,79.230416,4.509537,75.945022,79.230416,4.509537,66.186542,57.301287,4.370827,77.221151,71.056468,2.056365,76.572614,72.42618,0.399202,94.410701,97.053855,7.392996,3040.6190476190477,3206.8260869565215,2677.85,313.3809523809523,-208.82608695652152,75.95,84.82,78.83,12.0,12.0,0.59761,0.8,4.583902,3.78933,2.870879,15.22763
2010-07,1909.7272727272727,185.79204499300832,1967.0,2351.0,1700.0,57.27272727272725,75.58,12.0,76.22446,79.385345,3.167785,76.22446,79.385345,3.167785,66.418489,57.574197,4.564565,78.11681,72.127704,3.88251,77.201547,72.570168,1.204819,94.410701,97.053855,7.184466,3838.0526315789475,3040.6190476190477,3206.8260869565215,239.9473684210525,313.3809523809523,74.76,75.95,84.82,12.0,12.0,0.399202,0.59761,4.509537,4.583902,3.78933,14.791988
2010-08,2432.3333333333335,319.95145465106646,2713.0,2861.0,1957.0,280.6666666666665,77.04,12.0,76.276208,79.581587,3.284182,76.276208,79.581587,3.284182,66.590052,58.677076,5.475068,78.014776,71.952233,1.370741,77.201547,73.002133,1.603206,94.248205,97.053855,7.184466,3088.0,3838.0526315789475,3040.6190476190477,-682.0,239.9473684210525,75.58,74.76,75.95,12.0,12.0,1.204819,0.399202,3.167785,4.509537,4.583902,13.719512
2010-09,2719.4545454545455,211.02848538768802,2446.0,2995.0,2444.0,-273.4545454545455,77.84,12.0,76.659141,79.529944,3.355705,76.659141,79.529944,3.355705,66.894171,59.012536,5.681115,78.150906,72.398108,2.615736,77.201547,72.858145,1.402806,94.248205,97.053855,8.447937,1909.7272727272727,3088.0,3838.0526315789475,57.27272727272725,-682.0,77.04,75.58,74.76,12.0,12.0,1.603206,1.204819,3.284182,3.167785,4.509537,11.861862
2010-10,2693.3333333333335,91.24436055632876,2678.0,2784.0,2452.0,-15.333333333333485,82.67,12.0,76.824734,79.529944,3.355705,76.824734,79.529944,3.355705,67.038669,59.130844,5.627363,78.017748,72.190045,1.531235,77.35878,73.146122,0.994036,94.573198,97.405499,8.414873,2432.3333333333335,1909.7272727272727,3088.0,280.6666666666665,57.27272727272725,77.84,77.04,75.58,12.0,12.0,1.402806,1.603206,3.355705,3.284182,3.167785,6.733524
2010-11,2321.318181818182,171.12133995213188,2099.0,2648.0,2099.0,-222.31818181818198,85.28,12.0,77.042075,79.788159,3.552279,77.042075,79.788159,3.552279,67.598713,59.932314,6.70519,78.203119,72.530565,2.542732,77.516014,73.146122,1.195219,94.898192,98.812077,9.765625,2719.4545454545455,2432.3333333333335,1909.7272727272727,-273.4545454545455,280.6666666666665,82.67,77.84,77.04,12.0,12.0,0.994036,1.402806,3.355705,3.355705,3.284182,6.116643
2010-12,2030.9444444444443,131.27226857463856,1773.0,2179.0,1773.0,-257.94444444444434,91.45,12.0,77.321513,79.984401,4.366577,77.321513,79.984401,4.366577,68.549353,60.987948,7.835573,77.963833,71.773538,2.196888,77.673247,73.29011,1.596806,94.573198,97.229677,7.378641,2693.3333333333335,2719.4545454545455,2432.3333333333335,-15.333333333333485,-273.4545454545455,85.28,82.67,77.84,12.0,12.0,1.195219,0.994036,3.552279,3.355705,3.355705,4.654443
2011-01,1401.8,151.8425777608265,1107.0,1693.0,1107.0,-294.79999999999995,96.52,12.0,77.983884,80.294258,4.700337,77.983884,80.294258,4.700337,69.295955,61.541847,8.55639,79.281881,72.02868,1.193089,78.144947,75.017971,3.373016,95.54818,98.460432,6.870229,2321.318181818182,2693.3333333333335,2719.4545454545455,-222.31818181818198,-15.333333333333485,91.45,85.28,82.67,12.0,12.0,1.596806,1.195219,4.366577,3.552279,3.355705,3.556485
2011-02,1181.1,97.80480022661688,1251.0,1301.0,1043.0,69.90000000000009,103.72,12.0,78.584158,80.748715,5.292929,78.584158,80.748715,5.292929,70.228043,62.612284,9.817249,79.398659,72.027435,0.395974,78.459413,75.017971,3.578529,96.035671,98.812077,5.243446,2030.9444444444443,2321.318181818182,2693.3333333333335,-257.94444444444434,-222.31818181818198,96.52,91.45,85.28,12.0,12.0,3.373016,1.596806,4.700337,4.366577,3.552279,3.268428
2011-03,1492.695652173913,102.716925569348,1530.0,1585.0,1262.0,37.304347826086996,114.64,12.0,79.080937,81.461386,5.314461,79.080937,81.461386,5.314461,71.832159,65.078889,15.092287,79.97367,72.973303,1.689458,79.402813,75.881902,4.771372,96.685658,99.515365,3.473492,1401.8,2030.9444444444443,2321.318181818182,-294.79999999999995,-257.94444444444434,103.72,96.52,91.45,12.0,12.0,3.578529,3.373016,5.292929,4.700337,4.366577,2.870879
2011-04,1342.5555555555557,87.39512856407983,1269.0,1520.0,1250.0,-73.55555555555566,123.26,12.0,80.291835,83.44447,6.484777,80.291835,83.44447,6.484777,74.132685,68.175712,19.14034,80.735628,74.262141,3.937174,79.71728,76.02589,4.761905,96.848155,100.042832,3.07971,1181.1,1401.8,2030.9444444444443,69.90000000000009,-294.79999999999995,114.64,103.72,96.52,12.0,12.0,4.771372,3.578529,5.314461,5.292929,4.700337,3.78933
2011-05,1352.4,66.43825784337783,1480.0,1480.0,1271.0,127.59999999999991,114.99,12.0,81.171547,84.146813,6.274459,81.171547,84.146813,6.274459,74.88212,69.044885,20.125405,81.122606,74.932962,5.490532,80.031746,77.177798,6.138614,97.010652,99.86701,2.342342,1492.695652173913,1181.1,1401.8,37.304347826086996,69.90000000000009,123.26,114.64,103.72,12.0,12.0,4.761905,4.771372,6.484777,5.314461,5.292929,4.583902
2011-06,1433.2272727272727,28.86575136267202,1413.0,1489.0,1400.0,-20.227272727272748,113.83,12.0,81.937414,84.559955,6.726633,81.937414,84.559955,6.726633,75.773806,70.206062,22.520917,81.323453,75.264091,5.921519,80.503446,77.465775,6.95825,97.173149,100.042832,3.07971,1342.5555555555557,1492.695652173913,1181.1,-73.55555555555566,37.304347826086996,114.99,123.26,114.64,12.0,12.0,6.138614,4.761905,6.274459,6.484777,5.314461,4.509537
2011-07,1365.5238095238096,60.509188597781595,1264.0,1453.0,1264.0,-101.52380952380963,116.97,12.0,82.103007,84.756198,6.765548,82.103007,84.756198,6.765548,76.736394,71.405084,24.022718,81.819003,75.727825,4.991314,81.132379,78.041728,7.539683,97.335646,100.394476,3.442029,1352.4,1342.5555555555557,1492.695652173913,127.59999999999991,-73.55555555555566,113.83,114.99,123.26,12.0,12.0,6.95825,6.138614,6.726633,6.274459,6.484777,3.167785
2011-08,1386.9545454545455,137.3141955942221,1619.0,1619.0,1253.0,232.0454545454545,110.22,12.0,82.930971,85.220983,7.086308,82.930971,85.220983,7.086308,77.693085,72.678146,23.861226,82.13306,76.251121,5.974642,81.132379,78.185717,7.100592,97.498143,100.394476,3.442029,1433.2272727272727,1352.4,1342.5555555555557,-20.227272727272748,127.59999999999991,116.97,113.83,114.99,12.0,12.0,7.539683,6.95825,6.765548,6.726633,6.274459,3.284182
2011-09,1840.409090909091,77.5288942087364,1899.0,1928.0,1682.0,58.59090909090901,112.83,12.0,83.262157,85.67544,7.727273,83.262157,85.67544,7.727273,78.482167,73.391793,24.366446,82.146008,76.207126,5.261212,81.761313,79.049647,8.498024,98.310627,100.921943,3.985507,1365.5238095238096,1433.2272727272727,1352.4,-101.52380952380963,-20.227272727272748,110.22,116.97,113.83,12.0,12.0,7.100592,7.539683,7.086308,6.765548,6.726633,3.355705
2011-10,2072.4761904761904,100.25448570892927,1965.0,2173.0,1885.0,-107.47619047619037,109.55,12.0,83.593342,86.18154,8.363636,83.593342,86.18154,8.363636,79.717327,74.625184,26.203482,82.825731,77.260474,7.023723,82.233012,80.63352,10.23622,98.473124,101.097765,3.790614,1386.9545454545455,1365.5238095238096,1433.2272727272727,232.0454545454545,-101.52380952380963,112.83,110.22,116.97,12.0,12.0,8.498024,7.100592,7.727273,7.086308,6.765548,3.355705
2011-11,1835.3181818181818,41.07877028302294,1846.0,1912.0,1759.0,10.681818181818244,110.77,12.0,84.141869,86.635997,8.582524,84.141869,86.635997,8.582524,80.926295,75.63686,26.203804,83.088444,77.731829,7.171133,82.233012,81.065485,10.826772,98.960615,102.504343,3.736655,1840.409090909091,1386.9545454545455,1365.5238095238096,58.59090909090901,232.0454545454545,109.55,112.83,110.22,12.0,12.0,10.23622,8.498024,8.363636,7.727273,7.086308,3.552279
2011-12,1868.8235294117646,48.46162824095691,1738.0,1930.0,1738.0,-130.82352941176464,107.87,12.0,84.410957,87.193739,9.01343,84.410957,87.193739,9.01343,81.52842,76.223793,24.98173,83.730809,78.991011,10.055897,82.547479,81.497451,11.198428,99.123112,102.855987,5.786618,2072.4761904761904,1840.409090909091,1386.9545454545455,-107.47619047619037,58.59090909090901,110.77,109.55,112.83,12.0,12.0,10.826772,10.23622,8.582524,8.363636,7.727273,4.366577
2012-01,1039.3809523809523,287.1582274967019,680.0,1624.0,680.0,-359.3809523809523,110.69,12.0,84.855988,87.451953,8.91433,84.855988,87.451953,8.91433,81.983343,76.665098,24.573932,84.667765,79.360459,10.178972,82.861946,82.649358,10.172745,99.610602,103.207632,4.821429,1835.3181818181818,2072.4761904761904,1840.409090909091,10.681818181818244,-107.47619047619037,107.87,110.77,109.55,12.0,12.0,11.198428,10.826772,9.01343,8.582524,8.363636,4.700337
2012-02,702.6190476190476,32.32410275703903,750.0,750.0,647.0,47.38095238095241,119.33,12.0,85.073328,87.958053,8.928115,85.073328,87.958053,8.928115,81.94985,76.431894,22.071723,85.313893,80.206456,11.355426,83.333646,82.361381,9.788868,100.098093,103.735098,4.982206,1868.8235294117646,1835.3181818181818,2072.4761904761904,-130.82352941176464,10.681818181818244,110.69,107.87,110.77,12.0,12.0,10.172745,11.198428,8.91433,9.01343,8.582524,5.292929
2012-03,858.9545454545455,55.06660665803885,934.0,934.0,763.0,75.0454545454545,125.45,12.0,85.456262,88.619081,8.786611,85.456262,88.619081,8.786611,83.047222,78.297319,20.311394,85.747577,80.651032,10.521285,84.277045,82.50537,8.728653,100.585584,104.614209,5.123675,1039.3809523809523,1868.8235294117646,1835.3181818181818,-359.3809523809523,-130.82352941176464,119.33,110.69,107.87,12.0,12.0,9.788868,10.172745,8.928115,8.91433,9.01343,5.314461
2012-04,1020.5263157894736,87.91433230458733,1155.0,1156.0,926.0,134.47368421052636,119.75,12.0,86.284226,89.837852,7.661839,86.284226,89.837852,7.661839,83.814055,79.248525,16.241581,86.039497,81.062332,9.157008,84.748745,82.50537,8.522727,100.748081,104.790031,4.745167,702.6190476190476,1039.3809523809523,1868.8235294117646,47.38095238095241,-359.3809523809523,125.45,119.33,110.69,12.0,12.0,8.728653,9.788868,8.786611,8.928115,8.91433,6.484777
2012-05,1103.695652173913,72.26871244472939,923.0,1165.0,923.0,-180.695652173913,110.34,12.0,87.433027,90.550522,7.610163,87.433027,90.550522,7.610163,84.033941,79.107419,14.573902,86.252872,81.092013,8.219414,84.748745,82.50537,6.902985,100.748081,104.438387,4.577465,858.9545454545455,702.6190476190476,1039.3809523809523,75.0454545454545,47.38095238095241,119.75,125.45,119.33,12.0,12.0,8.522727,8.728653,7.661839,8.786611,8.928115,6.274459
2012-06,937.421052631579,45.93995572661934,1004.0,1004.0,872.0,66.57894736842104,95.16,12.0,87.878057,91.159908,7.805057,87.878057,91.159908,7.805057,83.387828,77.597493,10.528196,86.066085,80.43317,6.867923,85.063212,82.217393,6.133829,101.073075,104.790031,4.745167,1020.5263157894736,858.9545454545455,702.6190476190476,134.47368421052636,75.0454545454545,110.34,119.75,125.45,12.0,12.0,6.902985,8.522727,7.610163,7.661839,8.786611,6.726633
2012-07,1056.4545454545455,82.1831446469971,897.0,1162.0,897.0,-159.4545454545455,102.62,12.0,88.157495,91.562722,8.030709,88.157495,91.562722,8.030709,82.676031,76.135115,6.624222,86.95093,81.891274,8.13895,85.063212,82.217393,5.350554,101.235571,104.790031,4.378284,1103.695652173913,1020.5263157894736,858.9545454545455,-180.695652173913,134.47368421052636,95.16,110.34,119.75,12.0,12.0,6.133829,6.902985,7.805057,7.610163,7.661839,6.765548
2012-08,758.9130434782609,58.786913388702004,703.0,878.0,703.0,-55.913043478260875,113.36,12.0,88.426584,91.86225,7.792995,88.426584,91.86225,7.792995,82.42116,75.307712,3.618097,87.179964,81.763252,7.228918,85.534912,82.073404,4.972376,101.073075,104.614209,4.203152,937.421052631579,1103.695652173913,1020.5263157894736,66.57894736842104,-180.695652173913,102.62,95.16,110.34,12.0,12.0,5.350554,6.133829,8.030709,7.805057,7.610163,7.086308
2012-09,707.05,43.73782537370889,766.0,774.0,661.0,58.950000000000045,112.86,12.0,89.140703,92.22375,7.643159,89.140703,92.22375,7.643159,82.657309,75.527515,2.910029,87.914564,83.106834,9.053889,86.163845,83.657277,5.82878,101.560565,105.844965,4.878049,1056.4545454545455,937.421052631579,1103.695652173913,-159.4545454545455,66.57894736842104,113.36,102.62,95.16,12.0,12.0,4.972376,5.350554,7.792995,8.030709,7.805057,7.727273
2012-10,952.4347826086956,100.4860126344849,1026.0,1109.0,777.0,73.56521739130437,111.71,12.0,89.523636,92.781492,7.658198,89.523636,92.781492,7.658198,83.014739,75.699822,1.440047,88.74029,84.846226,9.818413,86.792778,85.673115,6.25,101.885559,106.196609,5.043478,758.9130434782609,1056.4545454545455,937.421052631579,-55.913043478260875,-159.4545454545455,112.86,113.36,102.62,12.0,12.0,5.82878,4.972376,7.643159,7.792995,8.030709,8.363636
2012-11,1024.6363636363637,63.72227348838192,1086.0,1104.0,916.0,61.36363636363626,109.06,12.0,90.403348,93.081021,7.439199,90.403348,93.081021,7.439199,83.55827,76.946932,1.732054,89.34311,85.938871,10.558149,86.950011,86.825022,7.104796,101.885559,106.548253,3.945111,707.05,758.9130434782609,1056.4545454545455,58.950000000000045,-55.913043478260875,111.71,112.86,113.36,12.0,12.0,6.25,5.82878,7.658198,7.643159,7.792995,8.582524
2012-12,855.6875,135.08995459816148,699.0,1077.0,699.0,-156.6875,109.49,12.0,90.682786,93.494163,7.225776,90.682786,93.494163,7.225776,84.137617,77.539473,1.726075,89.075239,85.062198,7.685921,87.264478,86.825022,6.537102,102.048056,106.724076,3.760684,952.4347826086956,707.05,758.9130434782609,73.56521739130437,58.950000000000045,109.06,111.71,112.86,12.0,12.0,7.104796,6.25,7.439199,7.658198,7.643159,9.01343
2013-01,770.5909090909091,43.63338508954233,760.0,838.0,698.0,-10.590909090909122,112.96,12.0,91.231313,94.000263,7.487894,91.231313,94.000263,7.487894,84.99303,78.503983,2.398595,89.915765,85.318406,7.50745,87.578944,87.544965,5.923345,102.210553,107.07572,3.747871,1024.6363636363637,952.4347826086956,707.05,61.36363636363626,73.56521739130437,109.49,109.06,111.71,12.0,12.0,6.537102,7.104796,7.225776,7.439199,7.658198,8.91433
2013-02,744.95,5.762629151424013,757.0,757.0,735.0,12.049999999999955,116.05,12.0,91.396905,94.403077,7.327384,91.396905,94.403077,7.327384,85.599919,79.51476,4.033481,90.282855,85.81281,6.989904,88.365111,87.112999,5.769231,103.185534,108.65812,4.745763,855.6875,1024.6363636363637,952.4347826086956,-156.6875,61.36363636363626,112.96,109.49,109.06,12.0,12.0,5.923345,6.537102,7.487894,7.225776,7.439199,8.928115
2013-03,876.1,51.12924798977587,910.0,935.0,776.0,33.89999999999998,108.47,12.0,91.893684,94.960819,7.156177,91.893684,94.960819,7.156177,86.460853,80.588819,2.926665,90.785946,86.219972,6.904982,89.465744,86.969011,5.410122,103.348031,109.009764,4.201681,770.5909090909091,855.6875,1024.6363636363637,-10.590909090909122,-156.6875,116.05,112.96,109.49,12.0,12.0,5.769231,5.923345,7.327384,7.487894,7.225776,8.786611
2013-04,874.0,11.471704319759999,863.0,896.0,856.0,-11.0,102.25,12.0,92.493958,95.270676,6.047367,92.493958,95.270676,6.047367,87.285195,82.077495,3.569745,91.081004,86.565339,6.788613,89.622977,87.400976,5.933682,103.185534,108.482298,3.52349,744.95,770.5909090909091,855.6875,12.049999999999955,-10.590909090909122,108.47,116.05,112.96,12.0,12.0,5.410122,5.769231,7.156177,7.327384,7.487894,7.661839
2013-05,851.3809523809524,28.295717326967054,809.0,892.0,809.0,-42.38095238095241,102.56,12.0,92.773396,95.570205,5.543515,92.773396,95.570205,5.543515,87.438772,82.49201,4.278475,91.212584,86.766942,6.998136,89.465744,87.400976,5.933682,103.023037,108.130653,3.535354,876.1,744.95,770.5909090909091,33.89999999999998,12.049999999999955,102.25,108.47,116.05,12.0,12.0,5.933682,5.410122,6.047367,7.156177,7.327384,7.610163
2013-06,940.5,129.6560226542767,1171.0,1171.0,801.0,230.5,102.92,12.0,92.990737,95.725133,5.007931,92.990737,95.725133,5.007931,87.482952,82.639161,6.497205,91.439501,87.036006,8.209096,89.622977,87.400976,6.304729,102.860541,107.779009,2.852349,874.0,876.1,744.95,-11.0,33.89999999999998,102.56,102.25,108.47,12.0,12.0,5.933682,5.933682,5.543515,6.047367,7.156177,7.805057
2013-07,1123.1304347826087,32.077044110910336,1062.0,1179.0,1062.0,-61.130434782608745,107.93,12.0,93.15633,95.828419,4.65877,93.15633,95.828419,4.65877,87.656355,82.558694,8.437078,92.073841,87.10083,6.361551,90.566377,87.688953,6.654991,102.535547,106.548253,1.677852,851.3809523809524,874.0,876.1,-42.38095238095241,-11.0,102.92,102.56,102.25,12.0,12.0,6.304729,5.933682,5.007931,5.543515,6.047367,8.030709
2013-08,1088.095238095238,59.46755818251217,1132.0,1169.0,996.0,43.904761904761926,111.28,12.0,93.37367,96.17959,4.699798,93.37367,96.17959,4.699798,87.922614,82.639159,9.735322,92.435153,87.681569,7.238358,90.880844,88.120918,7.368421,102.37305,105.669142,1.008403,940.5,851.3809523809524,874.0,230.5,-42.38095238095241,107.93,102.92,102.56,12.0,12.0,6.654991,6.304729,4.65877,5.007931,5.543515,7.792995
2013-09,1680.5238095238096,318.4343918372541,2003.0,2127.0,1139.0,322.47619047619037,111.6,12.0,93.60136,96.530761,4.670176,93.60136,96.530761,4.670176,89.507505,85.006921,12.55093,92.700448,88.064823,5.965802,91.352544,88.84086,6.196213,102.37305,105.49332,-0.332226,1123.1304347826087,940.5,851.3809523809524,-61.130434782608745,230.5,111.28,107.93,102.92,12.0,12.0,7.368421,6.654991,4.699798,4.65877,5.007931,7.643159
2013-10,1883.1739130434783,202.0473959189486,1504.0,2146.0,1484.0,-379.17391304347825,109.08,12.0,93.818701,96.788975,4.31927,93.818701,96.788975,4.31927,89.460724,84.806284,12.029701,93.062155,88.944679,4.830448,91.509777,89.560803,4.537815,102.37305,105.49332,-0.662252,1088.095238095238,1123.1304347826087,940.5,43.904761904761926,-61.130434782608745,111.6,111.28,107.93,12.0,12.0,6.196213,7.368421,4.670176,4.699798,4.65877,7.658198
2013-11,1558.857142857143,80.93904231845454,1821.0,1821.0,1483.0,262.1428571428571,107.79,12.0,94.149887,97.047189,4.260985,94.149887,97.047189,4.260985,89.706439,85.1469,10.656654,93.30238,89.620137,4.283587,91.66701,90.280745,3.9801,102.535547,104.790031,-1.650165,1680.5238095238096,1088.095238095238,1123.1304347826087,322.47619047619037,43.904761904761926,109.08,111.6,111.28,12.0,12.0,4.537815,6.196213,4.31927,4.670176,4.699798,7.439199
2013-12,2178.0588235294117,136.49014185474874,2277.0,2337.0,1865.0,98.94117647058829,110.76,12.0,94.418975,97.140146,3.899691,94.418975,97.140146,3.899691,90.152199,85.612073,10.410955,93.434145,90.237261,6.083857,91.824243,90.280745,3.9801,102.37305,104.438387,-2.14168,1883.1739130434783,1680.5238095238096,1088.095238095238,-379.17391304347825,322.47619047619037,107.79,109.08,111.6,12.0,12.0,3.9801,4.537815,4.260985,4.31927,4.670176,7.225776
2014-01,1472.409090909091,306.35594907307984,1110.0,2113.0,1110.0,-362.409090909091,108.12,12.0,95.195192,97.398361,3.614987,95.195192,97.398361,3.614987,91.122194,86.465947,10.142114,94.310792,91.289999,6.999184,92.453177,91.864617,4.934211,102.535547,104.965854,-1.970443,1558.857142857143,1883.1739130434783,1680.5238095238096,262.1428571428571,-379.17391304347825,110.76,107.79,109.08,12.0,12.0,3.9801,3.9801,3.899691,4.260985,4.31927,7.487894
2014-02,1139.85,57.501739104134806,1258.0,1258.0,1084.0,118.15000000000009,108.9,12.0,95.629873,97.749532,3.544858,95.629873,97.749532,3.544858,91.468702,86.779662,9.136545,94.954751,91.999659,7.209702,93.55381,92.296583,5.950413,102.698044,105.141676,-3.236246,2178.0588235294117,1558.857142857143,1883.1739130434783,98.94117647058829,262.1428571428571,108.12,110.76,107.79,12.0,12.0,4.934211,3.9801,3.614987,3.899691,4.260985,7.327384
2014-03,1484.142857142857,98.26102264595343,1362.0,1621.0,1276.0,-122.14285714285711,107.48,12.0,95.961058,98.007746,3.208614,95.961058,98.007746,3.208614,91.880099,87.267179,8.286955,95.539062,93.628138,8.59217,94.654443,93.736467,7.781457,102.37305,104.965854,-3.709677,1472.409090909091,2178.0588235294117,1558.857142857143,-362.409090909091,98.94117647058829,108.9,108.12,110.76,12.0,12.0,5.950413,4.934211,3.544858,3.614987,3.899691,7.156177
2014-04,1045.35,126.66710410820123,943.0,1316.0,930.0,-102.34999999999991,107.76,12.0,96.726925,98.358917,3.241544,96.726925,98.358917,3.241544,92.878297,88.714342,8.086074,96.455378,94.279545,8.911426,95.283376,95.032363,8.731466,103.023037,104.438387,-3.727715,1139.85,1472.409090909091,2178.0588235294117,118.15000000000009,-362.409090909091,107.48,108.9,108.12,12.0,12.0,7.781457,5.950413,3.208614,3.544858,3.614987,6.047367
2014-05,992.6666666666666,28.44878439113586,934.0,1027.0,934.0,-58.66666666666663,109.54,12.0,96.954616,98.617131,3.188155,96.954616,98.617131,3.188155,93.820432,89.823203,8.887154,96.742577,95.350604,9.892779,95.440609,95.752305,9.555189,102.860541,104.086743,-3.739837,1484.142857142857,1139.85,1472.409090909091,-122.14285714285711,118.15000000000009,107.76,107.48,108.9,12.0,12.0,8.731466,7.781457,3.241544,3.208614,3.544858,5.543515
2014-06,911.5714285714286,57.44264219947698,850.0,1004.0,824.0,-61.571428571428555,111.8,12.0,97.223704,98.77206,3.182995,97.223704,98.77206,3.182995,93.95037,89.589041,8.409911,97.034639,95.808764,10.079457,95.755076,95.896293,9.719934,102.860541,104.086743,-3.425775,1045.35,1484.142857142857,1139.85,-102.34999999999991,-122.14285714285711,109.54,107.76,107.48,12.0,12.0,9.555189,8.731466,3.188155,3.241544,3.208614,5.007931
2014-07,795.5652173913044,67.21662814225525,755.0,894.0,723.0,-40.56521739130437,106.77,12.0,97.337549,98.916659,3.222677,97.337549,98.916659,3.222677,94.38098,90.037347,9.058589,97.195964,94.910209,8.965907,96.541242,95.752305,9.195402,102.860541,103.559276,-2.805281,992.6666666666666,1045.35,1484.142857142857,-58.66666666666663,-102.34999999999991,111.8,109.54,107.76,12.0,12.0,9.719934,9.555189,3.182995,3.188155,3.241544,4.65877
2014-08,937.1,149.7393876390789,1147.0,1147.0,751.0,209.89999999999998,101.61,12.0,97.606637,98.968302,2.899485,97.606637,98.968302,2.899485,95.272032,91.60879,10.853971,97.439992,95.197141,8.571439,96.855709,96.472247,9.477124,102.535547,102.680165,-2.828619,911.5714285714286,992.6666666666666,1045.35,-61.571428571428555,-58.66666666666663,106.77,111.8,109.54,12.0,12.0,9.195402,9.719934,3.222677,3.182995,3.188155,4.699798
2014-09,1122.7272727272727,53.17104638015098,1063.0,1197.0,1038.0,-59.72727272727275,97.09,12.0,97.77223,99.123231,2.685641,97.77223,99.123231,2.685641,95.412472,92.143586,8.395393,97.59371,95.42699,8.35994,96.855709,96.472247,8.589951,102.535547,102.328521,-3.0,795.5652173913044,911.5714285714286,992.6666666666666,-40.56521739130437,-61.571428571428555,101.61,106.77,111.8,12.0,12.0,9.477124,9.195402,2.899485,3.222677,3.182995,4.670176
2014-10,1100.9565217391305,173.66830407963684,1428.0,1428.0,930.0,327.0434782608695,87.43,12.0,97.886075,99.226516,2.518408,97.886075,99.226516,2.518408,95.209233,91.730456,8.164692,97.710384,95.578833,7.458742,97.012942,96.472247,7.717042,102.37305,102.152698,-3.166667,937.1,795.5652173913044,911.5714285714286,209.89999999999998,-40.56521739130437,97.09,101.61,106.77,12.0,12.0,8.589951,9.477124,2.685641,2.899485,3.222677,4.31927
2014-11,1332.15,93.46278460041282,1153.0,1484.0,1153.0,-179.1500000000001,79.44,12.0,98.165513,99.474402,2.501064,98.165513,99.474402,2.501064,95.166216,91.56579,7.538606,97.929002,96.096,7.225902,97.012942,96.904212,7.336523,101.723062,101.976876,-2.684564,1122.7272727272727,937.1,795.5652173913044,-59.72727272727275,209.89999999999998,87.43,97.09,101.61,12.0,12.0,7.717042,8.589951,2.518408,2.685641,2.899485,4.260985
2014-12,909.6111111111111,115.69541090542518,782.0,1137.0,782.0,-127.61111111111109,62.34,12.0,97.937823,99.62933,2.562467,97.937823,99.62933,2.562467,95.578348,92.213176,7.710481,97.763725,96.58445,7.033889,96.855709,96.616236,7.017544,101.560565,101.625232,-2.693603,1100.9565217391305,1122.7272727272727,937.1,327.0434782608695,-59.72727272727275,79.44,87.43,97.09,12.0,12.0,7.336523,7.717042,2.501064,2.518408,2.685641,3.899691
2015-01,725.1904761904761,44.567498300464415,608.0,771.0,608.0,-117.19047619047615,47.76,12.0,98.71404,99.62933,2.290562,98.71404,99.62933,2.290562,96.157799,93.101516,7.674199,98.518149,97.221561,6.497494,96.698475,97.480166,6.112853,101.235571,101.976876,-2.847571,1332.15,1100.9565217391305,1122.7272727272727,-179.1500000000001,327.0434782608695,62.34,79.44,87.43,12.0,12.0,7.017544,7.336523,2.562467,2.501064,2.518408,3.614987
2015-02,542.4444444444445,23.993190755178393,540.0,590.0,509.0,-2.444444444444457,58.1,12.0,98.331106,99.835902,2.134404,98.331106,99.835902,2.134404,96.598536,94.326158,8.696157,98.352608,98.062113,6.589649,97.327409,97.912131,6.084243,101.235571,102.152698,-2.842809,909.6111111111111,1332.15,1100.9565217391305,-127.61111111111109,-179.1500000000001,47.76,62.34,79.44,12.0,12.0,6.112853,7.017544,2.290562,2.562467,2.501064,3.544858
2015-03,575.9545454545455,17.605403047082365,602.0,602.0,548.0,26.045454545454504,55.89,12.0,98.651942,99.835902,1.865318,98.651942,99.835902,1.865318,97.679681,96.827732,10.955497,98.789346,98.773853,5.495907,98.585275,98.632074,5.222734,101.235571,101.976876,-2.847571,725.1904761904761,909.6111111111111,1332.15,-117.19047619047615,-127.61111111111109,58.1,47.76,62.34,12.0,12.0,6.084243,6.112853,2.134404,2.290562,2.562467,3.208614
2015-04,591.35,8.474574977698413,591.0,601.0,578.0,-0.35000000000002274,59.52,12.0,99.697247,99.835902,1.501628,99.697247,99.835902,1.501628,99.456056,100.619416,13.41956,99.281816,99.167177,5.184191,99.528675,99.208027,4.393939,100.26059,101.44941,-2.861953,542.4444444444445,725.1904761904761,909.6111111111111,-2.444444444444457,-117.19047619047615,55.89,58.1,47.76,12.0,12.0,5.222734,6.084243,1.865318,2.134404,2.290562,3.241544
2015-05,597.0,22.360679774997937,589.0,637.0,573.0,-8.0,64.08,12.0,99.86284,99.887545,1.288228,99.86284,99.887545,1.288228,100.263556,101.682715,13.203172,99.65156,99.617657,4.475119,99.685908,99.783981,4.210526,100.098093,101.097765,-2.871622,575.9545454545455,542.4444444444445,725.1904761904761,26.045454545454504,-2.444444444444457,59.52,55.89,58.1,12.0,12.0,4.393939,5.222734,1.501628,1.865318,2.134404,3.188155
2015-06,699.0454545454545,93.37098421158848,800.0,829.0,589.0,100.9545454545455,61.48,12.0,100.256123,99.784259,1.024783,100.256123,99.784259,1.024783,100.558615,101.580835,13.385336,99.990365,99.75326,4.117052,100.157608,99.783981,4.054054,99.935596,100.570299,-3.378378,591.35,575.9545454545455,542.4444444444445,-0.35000000000002274,26.045454545454504,64.08,59.52,55.89,12.0,12.0,4.210526,4.393939,1.288228,1.501628,1.865318,3.182995
2015-07,975.3478260869565,128.10422202099645,1131.0,1131.0,794.0,155.6521739130435,56.56,12.0,100.359619,99.887545,0.981518,100.359619,99.887545,0.981518,100.630721,100.968493,12.140679,100.387203,99.934346,5.293568,101.101008,99.783981,4.210526,99.935596,99.691188,-3.735144,597.0,591.35,575.9545454545455,-8.0,-0.35000000000002274,61.48,64.08,59.52,12.0,12.0,4.054054,4.210526,1.024783,1.288228,1.501628,3.222677
2015-08,1065.55,108.14633117849351,903.0,1222.0,903.0,-162.54999999999995,46.52,12.0,100.525211,100.042473,1.085368,100.525211,100.042473,1.085368,100.837906,100.703442,9.927707,100.70495,100.445123,5.512752,101.101008,100.503923,4.179104,99.610602,98.987899,-3.59589,699.0454545454545,597.0,591.35,100.9545454545455,-8.0,56.56,61.48,64.08,12.0,12.0,4.210526,4.054054,0.981518,1.024783,1.288228,2.899485
2015-09,888.6818181818181,51.02416454941101,900.0,978.0,802.0,11.31818181818187,47.62,12.0,100.690804,100.187073,1.073252,100.690804,100.187073,1.073252,101.105731,101.184752,9.81204,100.837315,100.880078,5.714409,101.101008,100.647912,4.328358,99.285609,98.460432,-3.780069,975.3478260869565,699.0454545454545,597.0,155.6521739130435,100.9545454545455,46.52,56.56,61.48,12.0,12.0,4.179104,4.210526,1.085368,0.981518,1.024783,2.685641
2015-10,793.0,52.52935687149934,721.0,889.0,721.0,-72.0,48.43,12.0,100.970242,100.393644,1.176226,100.970242,100.393644,1.176226,101.608609,102.072152,11.274004,100.999887,101.650073,6.352075,101.415474,101.367854,5.074627,98.960615,97.932966,-4.130809,1065.55,975.3478260869565,699.0454545454545,-162.54999999999995,155.6521739130435,47.62,46.52,56.56,12.0,12.0,4.328358,4.179104,1.073252,1.085368,0.981518,2.518408
2015-11,582.2380952380952,59.15987217861849,584.0,706.0,498.0,1.761904761904816,44.27,12.0,101.02199,100.342001,0.872184,101.02199,100.342001,0.872184,102.135072,103.170575,12.673713,101.172799,102.387582,6.547185,101.572708,102.231784,5.497771,99.123112,98.108788,-3.793103,888.6818181818181,1065.55,975.3478260869565,11.31818181818187,-162.54999999999995,48.43,47.62,46.52,12.0,12.0,5.074627,4.328358,1.176226,1.073252,1.085368,2.501064
2015-12,519.1666666666666,44.91462489447916,478.0,598.0,471.0,-41.16666666666663,38.01,12.0,100.970242,100.342001,0.715322,100.970242,100.342001,0.715322,103.231327,104.438893,13.258103,101.377295,102.24893,5.864796,101.887174,102.807738,6.408346,99.123112,97.757143,-3.806228,793.0,888.6818181818181,1065.55,-72.0,11.31818181818187,44.27,48.43,47.62,12.0,12.0,5.497771,5.074627,0.872184,1.176226,1.073252,2.562467
2016-01,386.3,48.50187191178678,317.0,473.0,317.0,-69.30000000000001,30.7,12.0,101.353176,100.796458,1.17147,101.353176,100.796458,1.17147,103.636514,104.931799,12.706863,103.778696,103.171547,6.120027,102.673341,104.535599,7.237814,99.123112,97.932966,-3.965517,582.2380952380952,793.0,888.6818181818181,1.761904761904816,-72.0,38.01,44.27,48.43,12.0,12.0,6.408346,5.497771,0.715322,0.872184,1.176226,2.290562
2016-02,306.9047619047619,13.144979124763783,329.0,329.0,290.0,22.095238095238074,32.18,12.0,101.291078,101.405843,1.572522,101.291078,101.405843,1.572522,103.202707,104.485058,10.769972,104.395931,105.152988,7.231003,104.08844,107.127391,9.411765,98.960615,97.932966,-4.130809,519.1666666666666,582.2380952380952,793.0,-41.16666666666663,1.761904761904816,30.7,38.01,44.27,12.0,12.0,7.237814,6.408346,1.17147,0.715322,0.872184,2.134404
2016-03,383.3333333333333,27.013576833387532,429.0,429.0,332.0,45.666666666666686,38.21,12.0,101.684361,101.7157,1.882888,101.684361,101.7157,1.882888,103.982687,105.939055,9.409829,105.206764,108.377746,9.723113,105.03184,109.143229,10.656934,98.798118,97.757143,-4.137931,386.3,519.1666666666666,582.2380952380952,-69.30000000000001,-41.16666666666663,32.18,30.7,38.01,12.0,12.0,9.411765,7.237814,1.572522,1.17147,0.715322,1.865318
2016-04,607.4761904761905,88.90197919485205,703.0,715.0,450.0,95.52380952380952,41.58,12.0,102.543374,102.511,2.679495,102.543374,102.511,2.679495,104.701968,107.501792,6.840008,105.839198,110.121522,11.046341,105.97524,111.447044,12.33672,98.635621,97.405499,-3.986135,306.9047619047619,386.3,519.1666666666666,22.095238095238074,-69.30000000000001,38.21,32.18,30.7,12.0,12.0,10.656934,9.411765,1.882888,1.572522,1.17147,1.501628
2016-05,619.9,25.210482364537043,612.0,682.0,579.0,-7.899999999999977,46.74,12.0,102.677919,102.603957,2.719471,102.677919,102.603957,2.719471,105.279235,108.381243,6.587677,106.37365,111.729197,12.158025,106.132473,111.735021,11.976912,98.310627,96.878032,-4.173913,383.3333333333333,306.9047619047619,386.3,45.666666666666686,22.095238095238074,41.58,38.21,32.18,12.0,12.0,12.33672,10.656934,2.679495,1.882888,1.572522,1.288228
2016-06,607.8636363636364,18.114176123229452,660.0,660.0,580.0,52.136363636363626,48.25,12.0,102.895259,102.325086,2.54632,102.895259,102.325086,2.54632,106.389016,110.612932,8.891537,106.721043,111.031687,11.306324,106.761406,111.735021,11.976912,98.635621,96.526388,-4.020979,607.4761904761905,383.3333333333333,306.9047619047619,95.52380952380952,45.666666666666686,46.74,41.58,38.21,12.0,12.0,11.976912,12.33672,2.719471,2.679495,1.882888,1.024783
2016-07,707.4285714285714,26.759244063634227,656.0,748.0,656.0,-51.428571428571445,44.95,12.0,103.050502,102.572971,2.68845,103.050502,102.572971,2.68845,107.066887,111.850218,10.777348,107.406923,112.163014,12.236703,107.704806,112.310974,12.554113,98.310627,95.998921,-3.703704,619.9,607.4761904761905,383.3333333333333,-7.899999999999977,95.52380952380952,48.25,46.74,41.58,12.0,12.0,11.976912,11.976912,2.54632,2.719471,2.679495,0.981518
2016-08,672.9090909090909,30.480140436667313,711.0,720.0,631.0,38.09090909090912,45.84,12.0,103.216095,102.934471,2.89077,103.216095,102.934471,2.89077,107.1462,111.633061,10.853272,107.585073,111.967371,11.471187,107.547573,113.318893,12.750716,98.310627,95.647277,-3.374778,607.8636363636364,619.9,607.4761904761905,52.136363636363626,-7.899999999999977,44.95,48.25,46.74,12.0,12.0,12.554113,11.976912,2.68845,2.54632,2.719471,1.085368
2016-09,827.7727272727273,77.33595961356308,875.0,941.0,712.0,47.22727272727275,46.57,12.0,103.495533,103.285642,3.092784,103.495533,103.285642,3.092784,107.515433,112.251405,10.937076,107.798854,112.93708,11.951817,107.704806,113.462882,12.732475,97.985633,95.647277,-2.857143,707.4285714285714,607.8636363636364,619.9,-51.428571428571445,52.136363636363626,45.84,44.95,48.25,12.0,12.0,12.750716,12.554113,2.89077,2.68845,2.54632,1.073252
2016-10,868.4761904761905,38.97129590816696,857.0,922.0,798.0,-11.476190476190482,49.52,12.0,103.702524,103.667799,3.261317,103.702524,103.667799,3.261317,108.184969,113.332912,11.032157,108.330633,113.564839,11.721356,108.176506,114.326812,12.784091,98.14813,95.998921,-1.974865,672.9090909090909,707.4285714285714,607.8636363636364,38.09090909090912,-51.428571428571445,46.57,45.84,44.95,12.0,12.0,12.732475,12.750716,3.092784,2.89077,2.68845,1.176226
2016-11,1071.8181818181818,156.8355633757661,1204.0,1257.0,834.0,132.18181818181824,44.73,12.0,103.909515,104.184227,3.82913,103.909515,104.184227,3.82913,108.955478,114.656475,11.132922,108.598174,114.266276,11.601694,108.648206,114.902766,12.394366,98.14813,96.526388,-1.612903,827.7727272727273,672.9090909090909,707.4285714285714,47.22727272727275,38.09090909090912,49.52,46.57,45.84,12.0,12.0,12.784091,12.732475,3.261317,3.092784,2.89077,0.872184
2016-12,1049.5294117647059,110.28605852909206,961.0,1198.0,914.0,-88.52941176470586,53.31,12.0,104.013011,104.318499,3.962944,104.013011,104.318499,3.962944,109.786108,116.160845,11.223742,108.775601,114.988466,12.459334,108.962672,115.910685,12.745098,98.14813,96.878032,-0.899281,868.4761904761905,827.7727272727273,672.9090909090909,-11.476190476190482,47.22727272727275,44.73,49.52,46.57,12.0,12.0,12.394366,12.784091,3.82913,3.261317,3.092784,0.715322
2017-01,907.1428571428571,52.27646288176516,800.0,983.0,800.0,-107.14285714285711,54.58,12.0,104.530489,105.248069,4.416436,104.530489,105.248069,4.416436,110.883813,118.09099,12.540708,112.286795,116.835519,13.243934,109.748839,117.638546,12.534435,98.473124,97.757143,-0.179533,1071.8181818181818,868.4761904761905,827.7727272727273,132.18181818181824,-11.476190476190482,53.31,44.73,49.52,12.0,12.0,12.745098,12.394366,3.962944,3.82913,3.261317,1.17147
2017-02,759.45,65.12374859894767,859.0,878.0,685.0,99.54999999999995,54.87,12.0,104.73748,105.661212,4.196374,104.73748,105.661212,4.196374,112.79381,121.730132,16.504823,112.489156,117.081753,11.344201,110.849472,118.358488,10.483871,98.960615,99.163721,1.256732,1049.5294117647059,1071.8181818181818,868.4761904761905,-88.52941176470586,132.18181818181824,54.58,53.31,44.73,12.0,12.0,12.534435,12.745098,4.416436,3.962944,3.82913,1.572522
2017-03,1141.391304347826,136.30805323051922,1297.0,1338.0,871.0,155.608695652174,51.59,12.0,105.254957,106.17764,4.386677,105.254957,106.17764,4.386677,114.67302,125.597199,18.556088,112.621624,116.330686,7.338167,111.478405,118.934442,8.970976,98.960615,98.987899,1.258993,907.1428571428571,1049.5294117647059,1071.8181818181818,-107.14285714285711,-88.52941176470586,54.87,54.58,53.31,12.0,12.0,10.483871,12.534435,4.196374,4.416436,3.962944,1.882888
2017-04,1221.8333333333333,58.637721246149894,1109.0,1296.0,1109.0,-112.83333333333326,52.31,12.0,106.082922,106.487497,3.879093,106.082922,106.487497,3.879093,116.721269,130.060276,20.984286,112.914536,116.492871,5.785744,111.635638,118.790454,6.589147,99.123112,98.636254,1.263538,759.45,907.1428571428571,1049.5294117647059,99.54999999999995,-107.14285714285711,51.59,54.87,54.58,12.0,12.0,8.970976,10.483871,4.386677,4.196374,4.416436,2.679495
2017-05,973.1428571428571,47.984670171092816,878.0,1073.0,878.0,-95.14285714285711,50.33,12.0,106.289913,106.797354,4.086974,106.289913,106.797354,4.086974,117.592508,131.704737,21.519862,113.054839,115.9022,3.734926,111.792872,119.366407,6.829897,99.123112,98.636254,1.814882,1141.391304347826,759.45,907.1428571428571,155.608695652174,99.54999999999995,52.31,51.59,54.87,12.0,12.0,6.589147,8.970976,3.879093,4.386677,4.196374,2.719471
2017-06,860.2272727272727,31.40659897019194,901.0,929.0,818.0,40.77272727272725,46.37,12.0,106.496904,106.694068,4.269708,106.496904,106.694068,4.269708,116.183544,128.101772,15.810845,113.210756,116.139596,4.600407,112.107338,119.366407,6.829897,98.798118,98.28461,1.821494,1221.8333333333333,1141.391304347826,759.45,-112.83333333333326,155.608695652174,50.33,52.31,51.59,12.0,12.0,6.829897,6.589147,4.086974,3.879093,4.386677,2.54632
2017-07,906.047619047619,56.06913249772654,946.0,980.0,820.0,39.95238095238096,48.48,12.0,106.600399,107.003925,4.319807,106.600399,107.003925,4.319807,115.063281,125.481947,12.187486,113.255995,116.952617,4.270216,112.264572,119.510396,6.410256,98.473124,97.932966,2.014652,973.1428571428571,1221.8333333333333,1141.391304347826,-95.14285714285711,-112.83333333333326,46.37,50.33,52.31,12.0,12.0,6.829897,6.829897,4.269708,4.086974,3.879093,2.68845
2017-08,1141.7727272727273,95.36343105553607,1184.0,1266.0,965.0,42.22727272727275,51.7,12.0,106.703895,106.90064,3.853101,106.703895,106.90064,3.853101,115.766777,126.784539,13.572573,113.354718,117.108431,4.59157,112.421805,119.222419,5.209657,98.473124,97.405499,1.838235,860.2272727272727,973.1428571428571,1221.8333333333333,40.77272727272725,-95.14285714285711,48.48,46.37,50.33,12.0,12.0,6.410256,6.829897,4.319807,4.269708,4.086974,2.89077
2017-09,1363.5238095238096,96.10807408725809,1356.0,1503.0,1183.0,-7.523809523809632,56.15,12.0,106.80739,106.17764,2.8,106.80739,106.17764,2.8,115.101198,125.157872,11.497822,113.797533,117.684754,4.203822,112.893505,119.222419,5.076142,98.798118,98.108788,2.573529,906.047619047619,860.2272727272727,973.1428571428571,39.95238095238096,40.77272727272725,51.7,48.48,46.37,12.0,12.0,5.209657,6.410256,3.853101,4.319807,4.269708,3.092784
2017-10,1484.2272727272727,93.88287120925467,1522.0,1588.0,1308.0,37.77272727272725,57.51,12.0,106.80739,106.17764,2.421042,106.80739,106.17764,2.421042,114.375152,122.930872,8.46882,113.924883,117.816751,3.744039,113.365205,119.942361,4.911839,100.26059,100.218654,4.395604,1141.7727272727273,906.047619047619,860.2272727272727,42.22727272727275,39.95238095238096,56.15,51.7,48.48,12.0,12.0,5.076142,5.209657,2.8,3.853101,4.319807,3.261317
2017-11,1453.8636363636363,55.81883574782286,1578.0,1578.0,1361.0,124.13636363636374,62.71,12.0,107.014381,105.971069,1.715079,107.014381,105.971069,1.715079,114.111091,121.290851,5.786307,114.219298,117.646377,2.958092,113.365205,120.374326,4.761905,101.073075,101.976876,5.64663,1363.5238095238096,1141.7727272727273,906.047619047619,-7.523809523809632,42.22727272727275,57.51,56.15,51.7,12.0,12.0,4.911839,5.076142,2.421042,2.8,3.853101,3.82913
2017-12,1618.6875,111.13998305440448,1366.0,1743.0,1366.0,-252.6875,64.37,12.0,107.324868,105.454641,1.089109,107.324868,105.454641,1.089109,114.721597,121.591737,4.675321,114.39646,117.774322,2.422727,113.836904,120.806292,4.223602,101.560565,103.383454,6.715064,1484.2272727272727,1363.5238095238096,1141.7727272727273,37.77272727272725,-7.523809523809632,62.71,57.51,56.15,12.0,12.0,4.761905,4.911839,1.715079,2.421042,2.8,3.962944
2018-01,1242.0,86.46882179639738,1152.0,1395.0,1125.0,-90.0,69.08,12.0,107.73885,105.661212,0.392542,107.73885,105.661212,0.392542,116.234886,123.648316,4.70597,116.278845,119.151934,1.982629,114.465838,122.246176,3.916769,101.885559,103.735098,6.115108,1453.8636363636363,1484.2272727272727,1363.5238095238096,124.13636363636374,37.77272727272725,64.37,62.71,57.51,12.0,12.0,4.223602,4.761905,1.089109,1.715079,2.421042,4.416436
2018-02,1124.6,39.09556442737129,1192.0,1192.0,1082.0,67.40000000000009,65.32,12.0,108.049337,106.074354,0.391007,108.049337,106.074354,0.391007,117.820223,126.397944,3.834557,116.448257,119.457584,2.029206,115.094771,122.390164,3.406326,101.885559,103.559276,4.432624,1618.6875,1453.8636363636363,1484.2272727272727,-252.6875,124.13636363636374,69.08,64.37,62.71,12.0,12.0,3.916769,4.223602,0.392542,1.089109,1.715079,4.196374
2018-03,1154.2380952380952,45.5355957047943,1055.0,1212.0,1055.0,-99.23809523809518,66.02,12.0,108.256328,106.17764,0.0,108.256328,106.17764,0.0,119.461382,128.349124,2.191072,116.579616,119.520224,2.741786,115.566471,122.390164,2.905569,101.723062,103.559276,4.618117,1242.0,1618.6875,1453.8636363636363,-90.0,-252.6875,65.32,69.08,64.37,12.0,12.0,3.406326,3.916769,0.391007,0.392542,1.089109,4.386677
2018-04,1128.9,169.56070175293382,1341.0,1376.0,948.0,212.0999999999999,72.11,12.0,109.705265,106.280926,-0.193986,109.705265,106.280926,-0.193986,121.069261,130.392453,0.255402,116.957926,119.828905,2.863723,116.352637,122.82213,3.393939,101.723062,103.559276,4.991087,1124.6,1242.0,1618.6875,67.40000000000009,-90.0,66.02,65.32,69.08,12.0,12.0,2.905569,3.406326,0.0,0.391007,0.392542,3.879093
2018-05,1293.095238095238,153.58545007972117,1090.0,1476.0,1042.0,-203.09523809523807,76.98,12.0,109.808761,106.280926,-0.483559,109.808761,106.280926,-0.483559,122.23989,132.156543,0.343044,117.398838,120.424798,3.902082,116.667104,122.678141,2.774427,101.723062,103.559276,4.991087,1154.2380952380952,1124.6,1242.0,-99.23809523809518,67.40000000000009,72.11,66.02,65.32,12.0,12.0,3.393939,2.905569,-0.193986,0.0,0.391007,4.086974
2018-06,1351.6190476190477,76.23809821242675,1385.0,1445.0,1156.0,33.380952380952294,74.41,12.0,109.808761,105.971069,-0.677638,109.808761,105.971069,-0.677638,121.151678,129.255026,0.900264,117.692046,120.579651,3.823032,116.98157,122.82213,2.895054,101.723062,103.207632,5.008945,1128.9,1154.2380952380952,1124.6,212.0999999999999,-99.23809523809518,76.98,72.11,66.02,12.0,12.0,2.774427,3.393939,-0.483559,-0.193986,0.0,4.269708
2018-07,1649.7727272727273,89.43735866818253,1747.0,1774.0,1422.0,97.22727272727275,74.25,12.0,109.912256,105.764498,-1.158301,109.912256,105.764498,-1.158301,120.06973,126.148926,0.531533,118.312599,120.399937,2.947621,117.92497,123.110106,3.012048,102.698044,104.086743,6.283662,1293.095238095238,1128.9,1154.2380952380952,-203.09523809523807,212.0999999999999,74.41,76.98,72.11,12.0,12.0,2.895054,2.774427,-0.677638,-0.483559,-0.193986,4.319807
2018-08,1710.409090909091,46.64216270705435,1579.0,1773.0,1579.0,-131.409090909091,72.53,12.0,109.912256,105.454641,-1.352657,109.912256,105.454641,-1.352657,120.440575,125.320207,-1.154977,118.353098,120.219862,2.65688,117.767737,122.966118,3.140097,103.185534,104.790031,7.581227,1351.6190476190477,1293.095238095238,1128.9,33.380952380952294,-203.09523809523807,74.25,74.41,76.98,12.0,12.0,3.012048,2.895054,-1.158301,-0.677638,-0.483559,3.853101
2018-09,1447.35,63.84543424305464,1540.0,1557.0,1356.0,92.65000000000009,78.89,12.0,109.912256,105.144784,-0.972763,109.912256,105.144784,-0.972763,121.666865,125.786003,0.501871,119.245734,120.640458,2.511544,118.39667,123.398083,3.502415,104.160516,105.844965,7.885305,1649.7727272727273,1351.6190476190477,1293.095238095238,97.22727272727275,33.380952380952294,72.53,74.25,74.41,12.0,12.0,3.140097,3.012048,-1.352657,-1.158301,-0.677638,2.8
2018-10,1544.695652173913,30.75036553013889,1490.0,1584.0,1490.0,-54.695652173913004,81.03,12.0,110.615405,104.992437,-1.116245,110.615405,104.992437,-1.116245,120.70083,123.566063,0.516706,119.752667,121.364875,3.011562,119.025603,123.542072,3.0012,121.222691,127.119451,26.842105,1710.409090909091,1649.7727272727273,1351.6190476190477,-131.409090909091,97.22727272727275,78.89,72.53,74.25,12.0,12.0,3.502415,3.140097,-0.972763,-1.352657,-1.158301,2.421042
2018-11,1192.0,163.1980975612738,1231.0,1470.0,1003.0,39.0,64.75,12.0,111.050707,105.144784,-0.779727,111.050707,105.144784,-0.779727,120.483799,123.382419,1.724423,120.564744,123.194378,4.715829,119.182836,124.118025,3.110048,132.434977,145.580782,42.758621,1447.35,1710.409090909091,1649.7727272727273,92.65000000000009,-131.409090909091,81.03,78.89,72.53,12.0,12.0,3.0012,3.502415,-1.116245,-0.972763,-1.352657,1.715079
2018-12,1335.125,61.57150314877812,1271.0,1406.0,1203.0,-64.125,57.36,12.0,111.154203,105.248069,-0.195886,111.154203,105.248069,-0.195886,121.272867,124.678383,2.538532,120.287543,123.856492,5.164258,119.025603,124.118025,2.741359,144.297251,158.767447,53.571429,1544.695652173913,1447.35,1710.409090909091,-54.695652173913004,92.65000000000009,64.75,81.03,78.89,12.0,12.0,3.110048,3.0012,-0.779727,-1.116245,-0.972763,1.089109
2019-01,1063.3181818181818,183.50045708095058,668.0,1282.0,668.0,-395.31818181818176,59.41,12.0,111.487665,105.669062,0.007429,111.487665,105.669062,0.007429,121.695471,125.645336,1.615081,121.695136,125.999054,5.746545,118.86837,125.845887,2.944641,159.896954,169.844245,63.728814,1192.0,1544.695652173913,1447.35,39.0,-54.695652173913004,57.36,64.75,81.03,12.0,12.0,2.741359,3.110048,-0.195886,-0.779727,-1.116245,0.392542
2019-02,628.75,18.03468879687143,658.0,658.0,595.0,29.25,63.96,12.0,111.709974,105.879558,-0.183642,111.709974,105.879558,-0.183642,122.694026,127.781673,1.09474,121.590915,126.487766,5.885086,119.81177,125.845887,2.823529,162.496904,175.8222,69.779287,1335.125,1192.0,1544.695652173913,-64.125,39.0,59.41,57.36,64.75,12.0,12.0,2.944641,2.741359,0.007429,-0.195886,-0.779727,0.391007
2019-03,680.4285714285714,24.691236154902057,689.0,730.0,645.0,8.571428571428555,66.14,12.0,111.821128,106.30055,0.115759,111.821128,106.30055,0.115759,124.586199,132.560364,3.281082,121.822809,126.484702,5.827029,120.755169,126.277852,3.176471,169.646768,184.789132,78.438031,1063.3181818181818,1335.125,1192.0,-395.31818181818176,-64.125,63.96,59.41,57.36,12.0,12.0,2.823529,2.944641,-0.183642,0.007429,-0.195886,0.0
2019-04,773.25,91.15624238808763,1011.0,1011.0,672.0,237.75,71.23,12.0,112.488053,106.721542,0.414577,112.488053,106.721542,0.414577,125.569699,135.11998,3.625614,122.255103,126.190736,5.309096,121.384103,126.565829,3.048066,178.909092,199.206553,92.359932,628.75,1063.3181818181818,1335.125,29.25,-395.31818181818176,66.14,63.96,59.41,12.0,12.0,3.176471,2.823529,0.115759,-0.183642,0.007429,-0.193986
2019-05,1035.6666666666667,46.66404754554978,1096.0,1107.0,936.0,60.33333333333326,71.32,12.0,112.599207,107.353031,1.008746,112.599207,107.353031,1.008746,126.504351,137.441731,3.999188,122.183785,125.782452,4.448962,121.855802,126.997794,3.521127,201.496161,234.370993,126.315789,680.4285714285714,628.75,1063.3181818181818,8.571428571428555,29.25,71.23,66.14,63.96,12.0,12.0,3.048066,3.176471,0.414577,0.115759,-0.183642,-0.483559
2019-06,1174.4,91.56958814849061,1354.0,1354.0,1062.0,179.5999999999999,64.22,12.0,112.821516,107.353031,1.304094,112.821516,107.353031,1.304094,127.011235,138.516917,7.165594,122.32845,125.29609,3.911472,122.170269,127.429759,3.751465,280.469657,363.424488,252.129472,773.25,680.4285714285714,628.75,237.75,8.571428571428555,71.32,71.23,66.14,12.0,12.0,3.521127,3.048066,1.008746,0.414577,0.115759,-0.677638
2019-07,1869.7391304347825,219.08097660066323,1868.0,2191.0,1381.0,-1.7391304347825098,63.92,12.0,113.043824,107.458279,1.601465,113.043824,107.458279,1.601465,127.389809,139.270295,10.401491,122.618252,124.53519,3.434597,122.641969,127.429759,3.508772,339.456033,435.863234,318.75,1035.6666666666667,773.25,680.4285714285714,60.33333333333326,237.75,64.22,71.32,71.23,12.0,12.0,3.751465,3.521127,1.304094,1.008746,0.414577,-1.158301
2019-08,1981.857142857143,211.20967916132196,2378.0,2378.0,1712.0,396.1428571428571,59.04,12.0,113.043824,107.458279,1.9,113.043824,107.458279,1.9,127.649129,139.456685,11.280287,122.738577,125.156087,4.105997,122.956435,128.149701,4.215457,400.879863,516.741447,393.120805,1174.4,1035.6666666666667,773.25,179.5999999999999,60.33333333333326,63.92,64.22,71.32,12.0,12.0,3.508772,3.751465,1.601465,1.304094,1.008746,-1.352657
2019-09,2254.714285714286,208.65381445282597,1823.0,2518.0,1823.0,-431.7142857142858,62.83,12.0,113.154978,107.774023,2.500589,113.154978,107.774023,2.500589,127.842997,139.907076,11.226267,123.1319,125.90393,4.362941,123.270902,128.437678,4.084014,471.89101,617.66339,483.554817,1869.7391304347825,1174.4,1035.6666666666667,-1.7391304347825098,179.5999999999999,59.04,63.92,64.22,12.0,12.0,4.215457,3.508772,1.9,1.601465,1.304094,-0.972763
2019-10,1825.8695652173913,57.609425008434,1731.0,1929.0,1731.0,-94.86956521739125,59.71,12.0,113.266133,107.668775,2.549077,113.266133,107.668775,2.549077,128.267449,140.711417,13.875456,123.369205,126.189771,3.975529,123.270902,128.29369,3.846154,654.700028,916.385308,620.885201,1981.857142857143,1869.7391304347825,1174.4,396.1428571428571,-1.7391304347825098,62.83,59.04,63.92,12.0,12.0,4.084014,4.215457,2.500589,1.9,1.601465,-1.116245
2019-11,1419.2857142857142,130.90421798289873,1528.0,1697.0,1255.0,108.71428571428578,63.21,12.0,113.377287,107.879271,2.600688,113.377287,107.879271,2.600688,129.036857,142.46009,15.462229,123.547356,126.734169,2.873338,123.428135,128.725655,3.712297,769.097849,1123.679682,671.859903,2254.714285714286,1981.857142857143,1869.7391304347825,-431.7142857142858,396.1428571428571,59.71,62.83,59.04,12.0,12.0,3.846154,4.084014,2.549077,2.500589,1.9,-0.779727
2019-12,1380.7058823529412,190.54880106743096,1090.0,1606.0,1090.0,-290.7058823529412,67.31,12.0,113.599595,108.405511,3.0,113.599595,108.405511,3.0,129.952411,144.429756,15.841858,123.369205,126.019646,1.746501,123.742602,129.013632,3.944316,896.332925,1300.732638,719.269103,1825.8695652173913,2254.714285714286,1981.857142857143,-94.86956521739125,-431.7142857142858,63.21,59.71,62.83,12.0,12.0,3.712297,3.846154,2.600688,2.549077,2.500589,-0.195886
2020-01,726.04,146.67835559481838,487.0,976.0,487.0,-239.03999999999996,63.65,12.0,114.044212,109.142248,3.286853,114.044212,109.142248,3.286853,130.682953,145.893986,16.115719,124.188698,128.750143,2.18342,124.057069,130.597505,3.775744,916.320044,1333.963034,685.403727,1419.2857142857142,1825.8695652173913,2254.714285714286,108.71428571428578,-94.86956521739125,67.31,63.21,59.71,12.0,12.0,3.944316,3.712297,3.0,2.600688,2.549077,0.007429
2020-02,460.6,41.612751082229344,535.0,535.0,411.0,74.39999999999998,55.66,12.0,114.155366,109.668488,3.578529,114.155366,109.668488,3.578529,131.495729,147.873802,15.723795,124.571721,129.983545,2.763729,125.157702,131.173458,4.23341,1040.305182,1424.687289,710.3,1380.7058823529412,1419.2857142857142,1825.8695652173913,-290.7058823529412,108.71428571428578,63.65,67.31,63.21,12.0,12.0,3.775744,3.944316,3.286853,3.0,2.600688,-0.183642
2020-03,601.0909090909091,32.340317003642745,626.0,633.0,539.0,24.909090909090878,32.01,12.0,114.26652,109.878984,3.366337,114.26652,109.878984,3.366337,131.865402,148.737192,12.203367,124.691016,130.157698,2.903905,125.786635,131.461435,4.104903,1316.874913,1676.640502,807.326356,726.04,1380.7058823529412,1419.2857142857142,-239.03999999999996,-290.7058823529412,55.66,63.65,67.31,12.0,12.0,4.23341,3.775744,3.578529,3.286853,3.0,0.115759
2020-04,663.9,49.365340494169224,635.0,757.0,596.0,-28.899999999999977,18.38,12.0,115.266908,110.089481,3.155819,115.266908,110.089481,3.155819,133.116794,151.372142,12.027949,124.263877,131.543245,4.241603,125.000468,131.893401,4.209329,1549.245487,2152.239554,980.406002,460.6,726.04,1380.7058823529412,74.39999999999998,-239.03999999999996,32.01,55.66,63.65,12.0,12.0,4.104903,4.23341,3.366337,3.578529,3.286853,0.414577
2020-05,489.10526315789474,63.23052597602426,504.0,617.0,393.0,14.89473684210526,29.38,12.0,115.266908,110.720969,3.137255,115.266908,110.720969,3.137255,133.247831,151.513334,10.238231,124.700846,131.691249,4.697632,124.214302,132.325366,4.195011,1783.72852,2469.071159,953.488372,601.0909090909091,460.6,726.04,24.909090909090878,74.39999999999998,18.38,32.01,55.66,12.0,12.0,4.209329,4.104903,3.155819,3.366337,3.578529,1.008746
2020-06,1146.4545454545455,480.2573444343323,1799.0,1799.0,520.0,652.5454545454545,40.27,12.0,113.821904,111.247209,3.627451,113.821904,111.247209,3.627451,132.835424,149.614683,8.011849,124.951954,131.23969,4.743643,124.843235,132.613343,4.067797,2348.405263,3400.92882,835.800677,663.9,601.0909090909091,460.6,-28.899999999999977,24.909090909090878,29.38,18.38,32.01,12.0,12.0,4.195011,4.209329,3.137255,3.155819,3.366337,1.304094
2020-07,1632.8260869565217,233.5490316777795,1350.0,1956.0,1264.0,-282.82608695652175,43.24,12.0,114.044212,111.668202,3.917728,114.044212,111.668202,3.917728,132.943845,148.230946,6.434001,125.177061,132.104373,6.077947,126.572801,132.757331,4.180791,3182.826867,4692.870348,976.684147,489.10526315789474,663.9,601.0909090909091,14.89473684210526,-28.899999999999977,40.27,29.38,18.38,12.0,12.0,4.067797,4.195011,3.627451,3.137255,3.155819,1.601465
2020-08,1522.0588235294117,52.79615349179717,1488.0,1598.0,1385.0,-34.05882352941171,44.74,12.0,114.26652,112.089194,4.3095,114.26652,112.089194,4.3095,133.212596,146.865582,5.312687,125.703964,133.703027,6.829025,126.730035,132.90132,3.707865,3451.43425,4988.603289,865.396393,1146.4545454545455,489.10526315789474,663.9,652.5454545454545,14.89473684210526,43.24,40.27,29.38,12.0,12.0,4.180791,4.067797,3.917728,3.627451,3.137255,1.9
2020-09,1410.7727272727273,151.3869000491571,1725.0,1725.0,1267.0,314.22727272727275,40.91,12.0,115.155754,112.29969,4.199219,115.155754,112.29969,4.199219,133.210249,147.101724,5.142447,126.106911,134.239016,6.620196,126.887268,133.045308,3.587444,3583.381736,5092.338387,724.452035,1632.8260869565217,1146.4545454545455,489.10526315789474,-282.82608695652175,652.5454545454545,44.74,43.24,40.27,12.0,12.0,3.707865,4.180791,4.3095,3.917728,3.627451,2.500589
2020-10,1630.7727272727273,288.2475675060593,1283.0,2097.0,1283.0,-347.77272727272725,40.19,12.0,115.711525,112.29969,4.301075,115.711525,112.29969,4.301075,134.478004,148.905116,5.823051,126.172312,135.152221,7.102358,127.358968,134.917158,5.162738,3740.191249,5245.127879,472.37145,1522.0588235294117,1632.8260869565217,1146.4545454545455,-34.05882352941171,-282.82608695652175,40.91,44.74,43.24,12.0,12.0,3.587444,3.707865,4.199219,4.3095,3.917728,2.549077
2020-11,1183.65,50.78673158673595,1227.0,1284.0,1111.0,43.34999999999991,42.69,12.0,115.933833,112.510186,4.292683,115.933833,112.510186,4.292683,135.919605,151.125266,6.082528,126.301036,135.540261,6.948476,127.358968,135.781088,5.480984,3858.001505,5450.312387,385.041465,1410.7727272727273,1522.0588235294117,1632.8260869565217,314.22727272727275,-34.05882352941171,40.19,40.91,44.74,12.0,12.0,5.162738,3.587444,4.301075,4.199219,4.3095,2.600688
2020-12,1243.6666666666667,79.9874990232849,1366.0,1366.0,1121.0,122.33333333333326,49.99,12.0,116.044988,112.29969,3.592233,116.044988,112.29969,3.592233,137.25235,154.84881,7.213925,126.313595,135.637466,7.632,127.516201,136.645019,5.915179,4020.9859,5806.528164,346.404434,1630.7727272727273,1410.7727272727273,1522.0588235294117,-347.77272727272725,314.22727272727275,42.69,40.19,40.91,12.0,12.0,5.480984,5.162738,4.292683,4.301075,4.199219,3.0
2021-01,1657.5,171.43312337315004,1452.0,1856.0,1374.0,-205.5,54.77,12.0,116.600759,112.82593,3.375121,116.600759,112.82593,3.375121,138.123728,157.252556,7.785496,127.513256,135.478273,5.225727,127.987901,137.508949,5.292172,4239.219243,6261.731841,369.408198,1183.65,1630.7727272727273,1410.7727272727273,43.34999999999991,-347.77272727272725,49.99,42.69,40.19,12.0,12.0,5.915179,5.480984,3.592233,4.292683,4.301075,3.286853
2021-02,1499.6,189.42861452272732,1675.0,1770.0,1303.0,175.4000000000001,62.28,12.0,116.934221,113.667915,3.646833,116.934221,113.667915,3.646833,139.092078,158.53171,7.207435,127.967971,137.104316,5.47821,128.931301,137.796926,5.049396,4385.628954,6538.651806,358.953474,1243.6666666666667,1183.65,1630.7727272727273,122.33333333333326,43.34999999999991,54.77,49.99,42.69,12.0,12.0,5.292172,5.915179,3.375121,3.592233,4.292683,3.578529
2021-03,2017.608695652174,195.40441493347603,2046.0,2319.0,1651.0,28.391304347826008,65.41,12.0,120.661666,117.926778,7.324234,120.661666,117.926778,7.324234,139.642695,158.588646,6.623397,128.59706,138.776001,6.621432,129.717467,138.948834,5.695509,4484.589568,6703.221386,299.800755,1657.5,1243.6666666666667,1183.65,-205.5,122.33333333333326,62.28,54.77,49.99,12.0,12.0,5.049396,5.292172,3.646833,3.375121,3.592233,3.366337
2021-04,2475.05,357.99168984768323,3053.0,3053.0,2072.0,577.9499999999998,64.81,12.0,124.204929,123.198443,11.907553,124.204929,123.198443,11.907553,140.785982,161.28738,6.550239,129.061358,139.313029,5.906638,130.660867,140.244729,6.331878,4555.763213,6814.165194,216.60812,1499.6,1657.5,1243.6666666666667,175.4000000000001,-205.5,65.41,62.28,54.77,12.0,12.0,5.695509,5.049396,7.324234,3.646833,3.375121,3.155819
2021-05,2965.2631578947367,213.98542061065322,2596.0,3266.0,2596.0,-369.26315789473665,68.53,12.0,124.849179,124.622976,12.555894,124.849179,124.622976,12.555894,141.070385,161.941765,6.882847,129.401159,140.323243,6.554721,130.8181,141.252648,6.746464,4671.461009,6879.219408,178.61568,2017.608695652174,1499.6,1657.5,28.391304347826008,175.4000000000001,64.81,65.41,62.28,12.0,12.0,6.331878,5.695509,11.907553,7.324234,3.646833,3.137255
2021-06,2932.0,359.28752247959255,3383.0,3418.0,2420.0,451.0,73.16,12.0,123.184978,118.836858,6.822327,123.184978,118.836858,6.822327,141.186086,161.903595,8.213707,130.021031,140.770973,7.2625,131.132567,141.396637,6.623236,4852.807554,7099.700447,108.75769,2475.05,2017.608695652174,1499.6,577.9499999999998,28.391304347826008,68.53,64.81,65.41,12.0,12.0,6.746464,6.331878,12.555894,11.907553,7.324234,3.627451
2021-07,3187.9545454545455,93.09159712103698,3292.0,3338.0,3039.0,104.0454545454545,75.17,12.0,124.166136,118.963051,6.532611,124.166136,118.963051,6.532611,141.645838,160.96849,8.59304,130.232299,140.153126,6.092723,132.547666,141.684614,6.724512,4977.117686,7277.984158,55.085984,2965.2631578947367,2475.05,2017.608695652174,-369.26315789473665,577.9499999999998,73.16,68.53,64.81,12.0,12.0,6.623236,6.746464,6.822327,12.555894,11.907553,3.917728
2021-08,3720.0,369.1682543231474,4132.0,4235.0,3281.0,412.0,70.75,12.0,124.280291,119.174283,6.320939,124.280291,119.174283,6.320939,141.969246,162.365399,10.553744,130.034986,140.70929,5.240168,133.019366,141.972591,6.825569,5185.601214,7506.377197,50.470518,2932.0,2965.2631578947367,2475.05,451.0,-369.26315789473665,75.17,73.16,68.53,12.0,12.0,6.724512,6.623236,6.532611,6.822327,12.555894,4.3095
2021-09,4287.772727272727,462.35689490738434,5167.0,5197.0,3618.0,879.227272727273,74.49,12.0,124.844844,119.429826,6.349203,124.844844,119.429826,6.349203,142.420085,162.48577,10.4581,130.4878,140.904982,4.965744,133.333833,141.972591,6.709957,5430.646546,7868.395107,54.51438,3187.9545454545455,2932.0,2965.2631578947367,104.0454545454545,451.0,70.75,75.17,73.16,12.0,12.0,6.825569,6.724512,6.320939,6.532611,6.822327,4.199219
2021-10,4819.952380952381,662.7014015520471,3519.0,5650.0,3519.0,-1300.9523809523807,83.54,12.0,125.963055,119.953119,6.815183,125.963055,119.953119,6.815183,143.151621,164.363138,10.381123,130.729865,142.154271,5.180863,133.805533,143.268486,6.189968,5778.227425,8463.201611,61.35358,3720.0,3187.9545454545455,2932.0,412.0,104.0454545454545,74.49,70.75,75.17,12.0,12.0,6.709957,6.825569,6.349203,6.320939,6.532611,4.301075
2021-11,2780.4545454545455,223.7089365932624,3018.0,3428.0,2430.0,237.5454545454545,81.05,12.0,125.937712,120.088047,6.735267,125.937712,120.088047,6.735267,143.801164,165.936642,9.800728,131.472804,142.567972,5.184961,134.277233,143.412475,5.620361,6111.346079,9014.404208,65.392432,4287.772727272727,3720.0,3187.9545454545455,879.227272727273,412.0,83.54,74.49,70.75,12.0,12.0,6.189968,6.709957,6.815183,6.349203,6.320939,4.292683
2021-12,2832.1111111111113,460.161338571962,2217.0,3423.0,2217.0,-615.1111111111113,74.17,12.0,126.130008,120.433366,7.24283,126.130008,120.433366,7.24283,145.114778,168.780295,8.996831,131.990661,142.578512,5.117352,135.063399,143.988429,5.374078,6463.314374,9575.452849,64.908403,4819.952380952381,4287.772727272727,3720.0,-1300.9523809523807,879.227272727273,81.05,83.54,74.49,12.0,12.0,5.620361,6.189968,6.735267,6.815183,6.349203,3.592233
2022-01,1760.8,388.90989350125534,1418.0,2296.0,1296.0,-342.79999999999995,86.51,12.0,128.923091,120.801945,7.06931,128.923091,120.801945,7.06931,145.566211,169.804501,7.982029,133.381759,143.083631,5.61371,135.377866,145.284324,5.65445,6808.620296,10225.994991,63.309373,2780.4545454545455,4819.952380952381,4287.772727272727,237.5454545454545,-1300.9523809523807,74.17,81.05,83.54,12.0,12.0,5.374078,5.620361,7.24283,6.735267,6.815183,3.375121
2022-02,1834.9,289.32733238178156,2040.0,2244.0,1419.0,205.0999999999999,97.13,12.0,129.319689,121.358602,6.765926,129.319689,121.358602,6.765926,146.164188,171.219221,8.003138,133.675032,144.564788,5.441457,136.164032,146.724209,6.478579,7018.768988,10763.53333,64.613955,2832.1111111111113,2780.4545454545455,4819.952380952381,-615.1111111111113,237.5454545454545,86.51,74.17,81.05,12.0,12.0,5.65445,5.374078,7.06931,7.24283,6.735267,3.646833
2022-03,2464.086956521739,206.05337195702873,2358.0,2727.0,2069.0,-106.08695652173901,117.25,12.0,129.6058,122.086813,3.527643,129.6058,122.086813,3.527643,147.40323,173.85023,9.623377,134.391038,145.219116,4.642817,137.579132,147.588139,6.217617,7205.238954,11218.42515,67.358715,1760.8,2832.1111111111113,2780.4545454545455,-342.79999999999995,-615.1111111111113,97.13,86.51,74.17,12.0,12.0,6.478579,5.65445,6.765926,7.06931,7.24283,7.324234
2022-04,2220.3684210526317,144.15547568368893,2404.0,2425.0,2031.0,183.63157894736833,104.58,12.0,133.496197,124.776322,1.280762,133.496197,124.776322,1.280762,149.899274,178.9895,10.975515,136.294417,147.320254,5.74765,138.522532,148.596058,5.954825,7899.321605,12530.018699,83.881933,1834.9,1760.8,2832.1111111111113,205.0999999999999,-342.79999999999995,117.25,97.13,86.51,12.0,12.0,6.217617,6.478579,3.527643,6.765926,7.06931,11.907553
2022-05,2943.0476190476193,296.42696844087516,2566.0,3369.0,2412.0,-377.04761904761926,113.34,12.0,136.934197,127.989125,2.701066,136.934197,127.989125,2.701066,151.062034,181.235982,11.914293,136.41075,149.591575,6.604987,139.465931,151.907792,7.543323,8585.018041,14659.342447,113.096015,2464.086956521739,1834.9,1760.8,-106.08695652173901,205.0999999999999,104.58,117.25,97.13,12.0,12.0,5.954825,6.217617,1.280762,3.527643,6.765926,12.555894
2022-06,2389.45,134.76352583224016,2240.0,2633.0,2186.0,-149.44999999999982,122.71,1.65,138.773688,130.258694,9.611358,138.773688,130.258694,9.611358,152.406064,183.70939,13.468382,137.804169,150.594144,6.978123,140.881031,153.92363,8.85947,10132.02813,18260.177401,157.196448,2220.3684210526317,2464.086956521739,1834.9,183.63157894736833,-106.08695652173901,113.34,104.58,117.25,12.0,12.0,7.543323,5.954825,2.701066,1.280762,3.527643,6.822327
2022-07,2076.9523809523807,78.55601580431382,1895.0,2214.0,1895.0,-181.95238095238074,111.93,2.15,141.968371,133.058714,11.848774,141.968371,133.058714,11.848774,153.426163,185.86696,15.467915,139.149283,151.871314,8.360989,143.23953,155.651491,9.857724,11761.913759,22166.737285,204.572486,2943.0476190476193,2220.3684210526317,2464.086956521739,-377.04761904761926,183.63157894736833,122.71,113.34,104.58,12.0,12.0,8.85947,7.543323,9.611358,2.701066,1.280762,6.532611
2022-08,1411.9545454545455,248.32955777367542,965.0,1872.0,965.0,-446.9545454545455,100.45,2.15,142.423547,134.960231,13.246102,142.423547,134.960231,13.246102,154.076841,186.883162,15.100362,139.553885,153.131305,8.828141,143.553997,158.387271,11.561866,12540.351872,24488.902912,226.241305,2389.45,2943.0476190476193,2220.3684210526317,-149.44999999999982,-377.04761904761926,111.93,122.71,113.34,12.0,12.0,9.857724,8.85947,11.848774,9.611358,2.701066,6.320939
2022-09,1487.142857142857,299.0998638773155,1760.0,1816.0,1002.0,272.8571428571429,89.76,2.65,142.058962,137.126341,14.817501,142.058962,137.126341,14.817501,155.487696,187.372461,15.316228,139.753305,154.00849,9.299535,143.71123,158.963225,11.967546,12857.05483,24454.634843,210.795715,2076.9523809523807,2389.45,2943.0476190476193,-181.95238095238074,-149.44999999999982,100.45,111.93,122.71,12.0,12.0,11.561866,9.857724,13.246102,11.848774,9.611358,6.349203
2022-10,1813.857142857143,138.73906649328646,1463.0,1996.0,1463.0,-350.8571428571429,93.33,2.65,142.406652,138.897351,15.79303,142.406652,138.897351,15.79303,156.881414,189.91384,15.545275,139.976351,155.039796,9.064466,144.18293,160.403109,11.959799,13268.965998,25116.478924,196.772783,1411.9545454545455,2076.9523809523807,2389.45,-446.9545454545455,-181.95238095238074,89.76,100.45,111.93,12.0,12.0,11.967546,11.561866,14.817501,13.246102,11.848774,6.815183
2022-11,1298.9545454545455,72.64294759643114,1355.0,1393.0,1149.0,56.045454545454504,91.42,2.65,142.406652,138.897351,15.662927,142.406652,138.897351,15.662927,157.427858,191.161232,15.201338,140.73292,156.025119,9.43911,144.65463,161.26704,12.449799,13450.502897,25285.131578,180.49698,1487.142857142857,1411.9545454545455,2076.9523809523807,272.8571428571429,-446.9545454545455,93.33,89.76,100.45,12.0,12.0,11.959799,11.967546,15.79303,14.817501,13.246102,6.735267
2022-12,1453.4117647058824,126.86856329659126,1515.0,1723.0,0.0,61.58823529411757,80.92,2.65,141.829762,140.797604,16.909133,141.829762,140.797604,16.909133,158.267465,191.545388,13.488004,141.103916,159.401352,11.799001,145.283563,161.986982,12.5,13620.200432,25807.215691,169.51431,1813.857142857143,1487.142857142857,1411.9545454545455,-350.8571428571429,272.8571428571429,91.42,93.33,89.76,1.65,12.0,12.449799,11.959799,15.662927,15.79303,14.817501,7.24283
2023-01,908.8095238095239,194.7895323285158,681.0,1250.0,676.0,-227.80952380952385,82.5,2.65,140.943307,141.583176,17.202729,140.943307,141.583176,17.202729,158.635665,191.77327,12.937684,142.708955,163.182504,14.046941,145.12633,165.010739,13.5778,13720.077371,25903.117296,153.306571,1298.9545454545455,1813.857142857143,1487.142857142857,56.045454545454504,-350.8571428571429,80.92,91.42,93.33,2.15,12.0,12.5,12.449799,16.909133,15.662927,15.79303,7.06931
2023-02,658.35,136.0047503040359,990.0,990.0,530.0,331.65,82.59,2.65,141.054683,142.354644,17.300828,141.054683,142.354644,17.300828,159.656241,194.073421,13.347917,143.271622,164.870118,14.045834,146.226963,166.594612,13.542689,13499.505005,25493.920671,136.854571,1453.4117647058824,1298.9545454545455,1813.857142857143,61.58823529411757,56.045454545454504,82.5,80.92,91.42,2.15,12.0,13.5778,12.5,17.202729,16.909133,15.662927,6.765926
2023-03,1410.0434782608695,135.56430150263455,1389.0,1603.0,1099.0,-21.043478260869506,78.43,2.65,142.528477,143.768863,17.759534,142.528477,143.768863,17.759534,160.949799,197.127717,13.389391,144.073282,166.36944,14.564421,147.642063,168.322473,14.04878,13517.151089,25569.052729,127.920162,908.8095238095239,1453.4117647058824,1298.9545454545455,-227.80952380952385,61.58823529411757,82.59,82.5,80.92,2.65,12.0,13.542689,13.5778,17.300828,17.202729,16.909133,3.527643
2023-04,1480.3333333333333,65.51245952443836,1576.0,1581.0,1368.0,95.66666666666674,84.64,2.65,144.126319,145.495142,16.604768,144.126319,145.495142,16.604768,161.748359,196.986267,10.05465,144.630914,167.138067,13.452199,148.270996,169.330392,13.953488,13836.495247,25265.736733,101.641652,658.35,908.8095238095239,1453.4117647058824,331.65,-227.80952380952385,78.43,82.59,82.5,2.65,12.0,14.04878,13.542689,17.759534,17.300828,17.202729,1.280762
2023-05,1416.05,182.42560848625104,977.0,1640.0,977.0,-439.04999999999995,75.47,2.65,144.722772,146.269136,14.282472,144.722772,146.269136,14.282472,163.193501,199.952729,10.32728,144.990051,168.305765,12.51019,148.585462,169.906346,11.848341,16014.357247,31805.005523,116.960656,1410.0434782608695,658.35,908.8095238095239,-21.043478260869506,331.65,84.64,78.43,82.59,2.65,12.0,13.953488,14.04878,16.604768,17.759534,17.300828,2.701066
2023-06,1081.7727272727273,88.14054351577039,1091.0,1240.0,919.0,9.227272727272748,74.84,2.65,145.107921,147.015345,12.864132,145.107921,147.015345,12.864132,164.422898,202.513061,10.235553,145.079171,168.255181,11.727572,148.899929,170.770276,10.944808,27938.725123,64932.5433,255.596454,1480.3333333333333,1410.0434782608695,658.35,95.66666666666674,-21.043478260869506,75.47,84.64,78.43,2.65,1.65,11.848341,13.953488,14.282472,16.604768,17.759534,9.611358
2023-07,1040.1904761904761,51.597111399398194,1127.0,1127.0,962.0,86.80952380952385,80.11,2.65,144.124429,147.287621,10.693706,144.124429,147.287621,10.693706,164.598205,201.476285,8.398117,145.464908,167.84818,10.520003,150.000562,171.058253,9.898242,23677.097901,45020.232069,103.098144,1416.05,1480.3333333333333,1410.0434782608695,-439.04999999999995,95.66666666666674,74.84,75.47,84.64,2.65,2.15,10.944808,11.848341,12.864132,14.282472,16.604768,11.848774
2023-08,1149.8636363636363,48.47119464131974,1086.0,1247.0,1080.0,-63.86363636363626,86.15,2.65,144.198902,147.116804,9.007522,144.198902,147.116804,9.007522,164.438913,200.796363,7.444866,146.095046,168.41239,9.979073,150.472262,171.058253,8.0,22219.944889,41816.916724,70.758637,1081.7727272727273,1416.05,1480.3333333333333,9.227272727272748,-439.04999999999995,80.11,74.84,75.47,2.65,2.15,9.898242,10.944808,10.693706,12.864132,14.282472,13.246102
2023-09,1393.4285714285713,243.25266112184087,1701.0,1752.0,1063.0,307.57142857142867,93.72,2.65,146.6304,147.638939,7.666359,146.6304,147.638939,7.666359,166.03292,202.192413,7.909355,147.252703,169.08294,9.788064,151.572895,172.066172,8.242754,22432.12379,42257.494087,72.79953,1040.1904761904761,1081.7727272727273,1416.05,86.80952380952385,9.227272727272748,86.15,80.11,74.84,2.65,2.65,8.0,9.898242,9.007522,10.693706,12.864132,14.817501
2023-10,1867.6818181818182,185.97372737224808,1459.0,2105.0,1459.0,-408.68181818181824,90.6,2.65,146.756449,147.985627,6.54316,146.756449,147.985627,6.54316,167.736606,204.719651,7.796067,148.415117,169.542433,9.354138,152.987995,174.801952,8.976661,22983.378548,43278.885011,72.312708,1149.8636363636363,1040.1904761904761,1081.7727272727273,-63.86363636363626,86.80952380952385,93.72,86.15,80.11,2.65,2.65,8.242754,8.0,7.666359,9.007522,10.693706,15.79303
2023-11,1831.4545454545455,408.47856238820657,2937.0,2937.0,1385.0,1105.5454545454545,82.94,2.65,146.714433,148.982852,7.261119,146.714433,148.982852,7.261119,168.130429,205.605096,7.555854,148.801432,170.343964,9.177269,152.830761,176.097848,9.196429,24027.198461,45393.080958,79.524796,1393.4285714285713,1149.8636363636363,1040.1904761904761,307.57142857142867,-63.86363636363626,90.6,93.72,86.15,2.65,2.65,8.976661,8.242754,6.54316,7.666359,9.007522,15.662927
2023-12,2537.625,393.79840443218325,2094.0,3346.0,2087.0,-443.625,77.63,2.65,146.861601,149.353957,6.077058,146.861601,149.353957,6.077058,168.763278,206.304382,7.70522,148.593482,171.21539,7.411504,152.830761,175.95386,8.622222,25157.023824,49313.12187,91.08269,1867.6818181818182,1393.4285714285713,1149.8636363636363,-408.68181818181824,307.57142857142867,82.94,90.6,93.72,2.65,2.65,9.196429,8.976661,7.261119,6.54316,7.666359,16.909133
